day,month,year,rent,employeePayments,electricity,gas,vegatables,meats,otherIngredients,publicitySpending
1,2,2023,1600,11451,300,200,5917,15276,3962,7886
2,2,2023,1600,17324,300,200,6455,16431,2728,7828
3,2,2023,1600,11691,300,200,5222,18479,3719,12318
4,2,2023,1600,10070,300,200,5770,15471,3001,9397
5,2,2023,1600,10238,300,200,6072,18810,2766,14089
6,2,2023,1600,11680,300,200,7137,17797,2115,15449
7,2,2023,1600,10285,300,200,6449,16268,2330,6574
8,2,2023,1600,17658,300,200,7009,18883,3034,7061
9,2,2023,1600,15490,300,200,5215,17274,3970,6652
10,2,2023,1600,10547,300,200,7269,19365,3315,17843
11,2,2023,1600,14565,300,200,5180,17084,2503,6249
12,2,2023,1600,13076,300,200,6568,19678,2213,16625
13,2,2023,1600,17992,300,200,5719,18722,2555,7111
14,2,2023,1600,10013,300,200,5206,17353,3887,16804
15,2,2023,1600,11934,300,200,5478,19431,2805,8067
16,2,2023,1600,17167,300,200,6865,15204,2063,16367
17,2,2023,1600,15550,300,200,7966,19045,3498,17437
18,2,2023,1600,16204,300,200,6897,19475,3369,11458
19,2,2023,1600,14883,300,200,6942,16514,2461,7174
20,2,2023,1600,17056,300,200,7734,17187,2177,11061
21,2,2023,1600,11956,300,200,5690,15001,2099,19670
22,2,2023,1600,13899,300,200,6368,18567,2176,9968
23,2,2023,1600,12833,300,200,7898,16684,3413,11251
24,2,2023,1600,10643,300,200,6168,18292,2597,13128
25,2,2023,1600,15470,300,200,6229,15380,3223,5544
26,2,2023,1600,13575,300,200,6415,17083,2065,6216
27,2,2023,1600,17619,300,200,5091,19244,2431,17323
28,2,2023,1600,15067,300,200,5048,18156,2363,12061

1,2,2023,1600,14243,300,200,6850,15944,2959,15408
2,2,2023,1600,15350,300,200,6611,16177,2225,11355
3,2,2023,1600,16730,300,200,7346,16301,3104,4360
4,2,2023,1600,15727,300,200,7520,16178,3964,16491
5,2,2023,1600,14269,300,200,5574,19028,2303,6842
6,2,2023,1600,15120,300,200,7039,17636,3634,14108
7,2,2023,1600,10410,300,200,6017,15520,2605,16337
8,2,2023,1600,15253,300,200,7075,16791,3501,7487
9,2,2023,1600,12892,300,200,7514,17401,3158,4024
10,2,2023,1600,15553,300,200,7104,18228,3443,6171
11,2,2023,1600,17641,300,200,5562,16960,3339,6349
12,2,2023,1600,15360,300,200,5472,16345,3053,4819
13,2,2023,1600,16683,300,200,5140,16249,2417,7573
14,2,2023,1600,16738,300,200,7193,17606,3808,12144
15,2,2023,1600,11415,300,200,7780,17515,2592,17078
16,2,2023,1600,12502,300,200,6523,16892,3070,8609
17,2,2023,1600,12937,300,200,6643,19002,3241,6958
18,2,2023,1600,16227,300,200,6899,17724,3162,14202
19,2,2023,1600,13554,300,200,5248,18419,3786,7762
20,2,2023,1600,16274,300,200,7065,16984,2732,18101
21,2,2023,1600,16164,300,200,5148,16992,2041,6558
22,2,2023,1600,12686,300,200,7646,18246,2614,5830
23,2,2023,1600,16851,300,200,7273,17186,2479,8925
24,2,2023,1600,17171,300,200,6811,16300,3904,14912
25,2,2023,1600,10033,300,200,6754,19477,2510,4281
26,2,2023,1600,13928,300,200,5740,19397,3970,16082
27,2,2023,1600,15453,300,200,7436,15909,2965,16300
28,2,2023,1600,17833,300,200,7062,19115,2609,14194

1,2,2023,1600,12855,300,200,5939,19166,3197,16733
2,2,2023,1600,10037,300,200,5007,16403,3516,10996
3,2,2023,1600,14746,300,200,7013,16528,2336,7309
4,2,2023,1600,16634,300,200,6891,16301,2877,11657
5,2,2023,1600,12365,300,200,6494,16587,3265,18279
6,2,2023,1600,14829,300,200,6740,17982,2143,7445
7,2,2023,1600,12447,300,200,6299,15717,2882,7411
8,2,2023,1600,12416,300,200,5652,15890,3413,12199
9,2,2023,1600,13533,300,200,7379,17670,2399,19714
10,2,2023,1600,10263,300,200,6029,15796,2880,5795
11,2,2023,1600,17266,300,200,6728,19152,2953,5200
12,2,2023,1600,11439,300,200,7936,16359,2192,8420
13,2,2023,1600,17519,300,200,5491,18403,2992,11430
14,2,2023,1600,13986,300,200,6134,19739,2680,14151
15,2,2023,1600,17574,300,200,7197,18283,2117,12354
16,2,2023,1600,14273,300,200,5177,16330,3930,4129
17,2,2023,1600,12070,300,200,5868,17383,3346,9821
18,2,2023,1600,10171,300,200,6830,19445,2312,19029
19,2,2023,1600,10644,300,200,5611,18723,2291,12530
20,2,2023,1600,12871,300,200,7421,15140,3006,12068
21,2,2023,1600,11342,300,200,5120,15905,3274,8648
22,2,2023,1600,16018,300,200,5853,17360,3662,9090
23,2,2023,1600,14056,300,200,5674,16972,3884,7611
24,2,2023,1600,10568,300,200,5205,15582,2818,12002
25,2,2023,1600,10513,300,200,7937,19717,3059,7904
26,2,2023,1600,14152,300,200,7358,17424,2815,13403
27,2,2023,1600,15121,300,200,6068,17017,2902,17415
28,2,2023,1600,11468,300,200,5721,18957,3897,7960

1,2,2023,1600,14725,300,200,5574,15206,2178,14851
2,2,2023,1600,15321,300,200,7487,15199,2970,17138
3,2,2023,1600,15777,300,200,7449,16615,3310,14975
4,2,2023,1600,10609,300,200,5503,19610,3990,19871
5,2,2023,1600,14970,300,200,6415,16695,2502,9897
6,2,2023,1600,11304,300,200,5050,16961,3054,11738
7,2,2023,1600,12595,300,200,5431,16215,2821,16996
8,2,2023,1600,15551,300,200,6115,18747,3191,6653
9,2,2023,1600,17119,300,200,7274,17824,2605,17397
10,2,2023,1600,11233,300,200,5320,17367,3095,9686
11,2,2023,1600,16780,300,200,7574,17175,2191,13626
12,2,2023,1600,10427,300,200,7271,15876,3107,10176
13,2,2023,1600,11174,300,200,7729,15706,2167,11891
14,2,2023,1600,11117,300,200,7511,18381,3463,18127
15,2,2023,1600,10564,300,200,5872,19482,3175,19620
16,2,2023,1600,14216,300,200,7601,15139,2610,17289
17,2,2023,1600,11320,300,200,6642,16093,2354,13212
18,2,2023,1600,17390,300,200,5675,18917,2039,12421
19,2,2023,1600,16878,300,200,5156,19285,2207,15638
20,2,2023,1600,15144,300,200,7039,15703,2660,14439
21,2,2023,1600,14268,300,200,7509,15054,3878,19485
22,2,2023,1600,12015,300,200,5817,16155,2436,9865
23,2,2023,1600,10338,300,200,7329,19884,2256,18341
24,2,2023,1600,17944,300,200,5052,16234,2781,18659
25,2,2023,1600,13662,300,200,5216,17154,3664,16346
26,2,2023,1600,12311,300,200,5190,19365,2556,11112
27,2,2023,1600,12108,300,200,7173,15585,2857,4547
28,2,2023,1600,10978,300,200,5113,19193,3642,13793

1,2,2023,1600,14088,300,200,7586,18614,3306,8623
2,2,2023,1600,16288,300,200,6170,19754,2377,13865
3,2,2023,1600,12515,300,200,5578,19679,2820,17290
4,2,2023,1600,11135,300,200,7992,18249,2581,10150
5,2,2023,1600,15931,300,200,5833,18789,2971,10231
6,2,2023,1600,14473,300,200,6838,18262,3497,5113
7,2,2023,1600,14063,300,200,5639,15646,2359,15221
8,2,2023,1600,12564,300,200,7905,16964,3561,14645
9,2,2023,1600,15609,300,200,6515,17860,3223,12497
10,2,2023,1600,10247,300,200,5883,18923,2329,5412
11,2,2023,1600,10910,300,200,5113,15708,2352,14903
12,2,2023,1600,16146,300,200,6446,19772,3328,19937
13,2,2023,1600,16803,300,200,5192,18318,2387,14495
14,2,2023,1600,17855,300,200,5092,16760,3233,14282
15,2,2023,1600,13478,300,200,7861,17586,2034,18917
16,2,2023,1600,11916,300,200,5809,18271,3816,17568
17,2,2023,1600,17952,300,200,7007,19190,3955,9809
18,2,2023,1600,15926,300,200,7188,18933,3709,8777
19,2,2023,1600,15350,300,200,6678,17551,2547,4182
20,2,2023,1600,10186,300,200,7392,18355,3812,18586
21,2,2023,1600,12424,300,200,7479,17152,2635,12640
22,2,2023,1600,16909,300,200,7467,16513,3695,11902
23,2,2023,1600,16516,300,200,7282,16848,2896,9806
24,2,2023,1600,16411,300,200,5211,15257,3142,10506
25,2,2023,1600,11194,300,200,7671,18621,2305,18334
26,2,2023,1600,10080,300,200,6438,17322,2623,9523
27,2,2023,1600,17612,300,200,5541,19387,2265,11353
28,2,2023,1600,15849,300,200,6288,17966,2429,16966

1,2,2023,1600,12804,300,200,6872,17874,3221,11054
2,2,2023,1600,14295,300,200,6055,15484,2981,5329
3,2,2023,1600,17313,300,200,5950,16540,2709,11762
4,2,2023,1600,11650,300,200,7827,16648,2415,6040
5,2,2023,1600,16920,300,200,7361,15583,2467,5840
6,2,2023,1600,10372,300,200,6380,16810,2047,9175
7,2,2023,1600,12880,300,200,7982,16862,3197,11374
8,2,2023,1600,11723,300,200,6985,16009,3900,4051
9,2,2023,1600,14293,300,200,6844,16987,3308,5344
10,2,2023,1600,14045,300,200,7017,18326,2330,9870
11,2,2023,1600,10450,300,200,7257,17683,3771,10772
12,2,2023,1600,12981,300,200,6135,19005,2041,10017
13,2,2023,1600,15873,300,200,5838,17529,2371,11677
14,2,2023,1600,13620,300,200,6734,15766,2577,11259
15,2,2023,1600,16936,300,200,7755,16624,2014,4491
16,2,2023,1600,11291,300,200,5169,15675,2330,5789
17,2,2023,1600,10458,300,200,7613,19660,2827,17840
18,2,2023,1600,15018,300,200,5848,17752,3172,8852
19,2,2023,1600,10936,300,200,5642,18410,2408,4220
20,2,2023,1600,17494,300,200,7153,15847,3950,6826
21,2,2023,1600,13462,300,200,5847,19151,2786,14822
22,2,2023,1600,11292,300,200,5678,16538,3278,7224
23,2,2023,1600,13508,300,200,7031,16375,2213,18414
24,2,2023,1600,16032,300,200,7224,17206,2129,11260
25,2,2023,1600,10461,300,200,7603,15663,3284,4286
26,2,2023,1600,17955,300,200,6001,15210,2533,11866
27,2,2023,1600,16564,300,200,7235,18450,2708,19957
28,2,2023,1600,11912,300,200,6791,17095,3920,10868

1,2,2023,1600,11422,300,200,7944,19509,2361,14888
2,2,2023,1600,12535,300,200,7134,15311,2903,14078
3,2,2023,1600,15835,300,200,5029,19315,2459,4112
4,2,2023,1600,14498,300,200,6861,17387,2757,8502
5,2,2023,1600,11653,300,200,6388,17837,3312,14604
6,2,2023,1600,11898,300,200,5101,15443,2530,11624
7,2,2023,1600,13618,300,200,6009,16519,2682,9938
8,2,2023,1600,10134,300,200,5840,19141,3755,14322
9,2,2023,1600,12166,300,200,5996,16833,2408,6667
10,2,2023,1600,11094,300,200,6927,17959,2910,5263
11,2,2023,1600,12319,300,200,6873,17907,2111,19129
12,2,2023,1600,11038,300,200,6411,15568,3570,4229
13,2,2023,1600,10142,300,200,7039,18447,2162,9476
14,2,2023,1600,12672,300,200,5299,16012,3461,17624
15,2,2023,1600,14484,300,200,6618,15236,3689,11622
16,2,2023,1600,12547,300,200,7033,15920,3053,17094
17,2,2023,1600,10458,300,200,7724,17118,2386,19799
18,2,2023,1600,15005,300,200,5744,19799,3118,5252
19,2,2023,1600,14936,300,200,6464,19793,3008,4331
20,2,2023,1600,15937,300,200,6922,19262,3517,13721
21,2,2023,1600,11288,300,200,5774,19799,3191,14830
22,2,2023,1600,10252,300,200,6132,19389,3485,15840
23,2,2023,1600,10954,300,200,6955,17223,2805,17031
24,2,2023,1600,15174,300,200,5405,15976,3575,10187
25,2,2023,1600,10894,300,200,6113,18687,3365,5496
26,2,2023,1600,13701,300,200,6246,18599,2426,14148
27,2,2023,1600,16891,300,200,7748,18183,3188,9714
28,2,2023,1600,13739,300,200,6090,18872,2666,7191

1,2,2023,1600,17225,300,200,7520,17596,2303,10618
2,2,2023,1600,13913,300,200,5551,17380,2897,18239
3,2,2023,1600,11270,300,200,6227,18876,2911,8211
4,2,2023,1600,11471,300,200,7088,19485,2685,16142
5,2,2023,1600,12536,300,200,7415,19124,2197,10114
6,2,2023,1600,16668,300,200,6480,19090,2637,10640
7,2,2023,1600,15695,300,200,7748,16486,2097,5979
8,2,2023,1600,17584,300,200,5309,15285,3591,9240
9,2,2023,1600,13547,300,200,5182,19217,3359,9660
10,2,2023,1600,15785,300,200,5278,19845,2008,8530
11,2,2023,1600,12675,300,200,5930,18472,3510,14315
12,2,2023,1600,11197,300,200,6619,15219,2920,15058
13,2,2023,1600,17818,300,200,7753,19069,3426,9897
14,2,2023,1600,11971,300,200,6641,15870,3381,14329
15,2,2023,1600,15200,300,200,6804,17410,3255,11127
16,2,2023,1600,12961,300,200,5816,18473,2333,4643
17,2,2023,1600,13788,300,200,7212,19219,3061,7211
18,2,2023,1600,15253,300,200,6713,17681,2091,18179
19,2,2023,1600,13111,300,200,6075,16415,3256,12785
20,2,2023,1600,10402,300,200,6379,18013,2112,9996
21,2,2023,1600,11658,300,200,7008,16829,2394,10437
22,2,2023,1600,13865,300,200,7191,15592,2363,16871
23,2,2023,1600,14964,300,200,5553,17497,2651,19167
24,2,2023,1600,16049,300,200,6172,19309,3978,7869
25,2,2023,1600,12763,300,200,7547,15135,3056,16929
26,2,2023,1600,16594,300,200,5512,15402,2458,16339
27,2,2023,1600,16738,300,200,6895,16675,3202,7566
28,2,2023,1600,14660,300,200,6636,16148,2650,10726

1,2,2023,1600,17040,300,200,6677,18639,2829,17618
2,2,2023,1600,11229,300,200,5557,18060,3234,19732
3,2,2023,1600,15905,300,200,6330,16656,2097,6123
4,2,2023,1600,13081,300,200,7575,17550,3051,15189
5,2,2023,1600,15248,300,200,5068,16843,2246,12638
6,2,2023,1600,10905,300,200,5173,16799,2099,6999
7,2,2023,1600,11524,300,200,7024,16792,2265,19246
8,2,2023,1600,10782,300,200,7381,15290,3534,6719
9,2,2023,1600,15247,300,200,5668,18177,3902,14197
10,2,2023,1600,16120,300,200,5208,17644,2279,6289
11,2,2023,1600,10613,300,200,6336,16933,3557,16314
12,2,2023,1600,10875,300,200,7520,16191,2535,14550
13,2,2023,1600,14273,300,200,6552,18831,3338,5253
14,2,2023,1600,10120,300,200,5530,19507,3930,10937
15,2,2023,1600,16481,300,200,6573,16986,2172,9155
16,2,2023,1600,14245,300,200,6325,19077,2571,11684
17,2,2023,1600,12695,300,200,6843,15023,3995,7537
18,2,2023,1600,13165,300,200,6512,16527,3961,4539
19,2,2023,1600,13201,300,200,7227,18662,2943,8879
20,2,2023,1600,11445,300,200,6822,16054,3956,11418
21,2,2023,1600,10459,300,200,7276,15516,2340,9500
22,2,2023,1600,13897,300,200,7826,17811,3885,8755
23,2,2023,1600,17162,300,200,6045,16637,3603,10302
24,2,2023,1600,10615,300,200,5195,15708,2137,8159
25,2,2023,1600,16600,300,200,5508,17362,3941,14383
26,2,2023,1600,15551,300,200,5748,16552,2553,14031
27,2,2023,1600,11335,300,200,6991,18999,3882,4846
28,2,2023,1600,12432,300,200,5225,18331,3827,16367

1,2,2023,1600,14515,300,200,6379,15665,2797,12434
2,2,2023,1600,13339,300,200,7095,15411,3841,11798
3,2,2023,1600,15370,300,200,7870,17250,2573,9368
4,2,2023,1600,16114,300,200,5371,16209,3786,18536
5,2,2023,1600,14753,300,200,7878,18629,2493,15419
6,2,2023,1600,14600,300,200,5923,18938,2877,18131
7,2,2023,1600,17214,300,200,6209,17454,3439,5090
8,2,2023,1600,13904,300,200,7852,18421,3185,8220
9,2,2023,1600,12279,300,200,5478,16419,2225,17712
10,2,2023,1600,12555,300,200,5430,17457,3654,9546
11,2,2023,1600,14382,300,200,7937,17655,2274,16464
12,2,2023,1600,12762,300,200,6406,16974,2954,10605
13,2,2023,1600,13097,300,200,6515,15644,2490,13768
14,2,2023,1600,10417,300,200,6454,18271,3118,13609
15,2,2023,1600,11033,300,200,5361,17618,3084,14522
16,2,2023,1600,10213,300,200,6214,15608,3465,17495
17,2,2023,1600,12360,300,200,7152,15901,2530,18480
18,2,2023,1600,15046,300,200,7855,19415,3027,6851
19,2,2023,1600,13205,300,200,6375,16724,2886,11746
20,2,2023,1600,17139,300,200,6850,19500,2770,5712
21,2,2023,1600,14928,300,200,6006,18975,3518,17579
22,2,2023,1600,10433,300,200,6687,16459,2993,12801
23,2,2023,1600,13502,300,200,6794,19165,2607,19302
24,2,2023,1600,12229,300,200,6886,15095,2473,13900
25,2,2023,1600,13662,300,200,6503,15439,2138,18596
26,2,2023,1600,14214,300,200,6712,16097,3713,6928
27,2,2023,1600,14868,300,200,7766,17437,2602,18005
28,2,2023,1600,12657,300,200,5930,17310,3442,12325

1,2,2023,1600,14478,300,200,5297,15966,3261,6877
2,2,2023,1600,13002,300,200,7255,16630,2520,5217
3,2,2023,1600,15387,300,200,6188,17245,3248,17695
4,2,2023,1600,11202,300,200,7978,15346,3453,12443
5,2,2023,1600,11680,300,200,5136,17076,3100,15240
6,2,2023,1600,14997,300,200,6739,19768,3587,8018
7,2,2023,1600,12104,300,200,5078,15025,2635,6704
8,2,2023,1600,14333,300,200,5595,19411,2990,9015
9,2,2023,1600,11724,300,200,7069,19307,3101,4347
10,2,2023,1600,14128,300,200,6543,15275,3859,9767
11,2,2023,1600,12508,300,200,7502,19926,2074,6236
12,2,2023,1600,13363,300,200,5173,18158,2744,4951
13,2,2023,1600,15756,300,200,7581,19505,2654,8507
14,2,2023,1600,11223,300,200,7181,16990,3794,14397
15,2,2023,1600,15253,300,200,5101,15795,2684,14592
16,2,2023,1600,16491,300,200,6355,18160,3585,17283
17,2,2023,1600,16462,300,200,7532,16526,3160,4676
18,2,2023,1600,11442,300,200,7483,16578,3021,17920
19,2,2023,1600,13950,300,200,6078,15241,2539,17246
20,2,2023,1600,17696,300,200,7705,16065,2781,6534
21,2,2023,1600,13262,300,200,6000,17055,2018,10500
22,2,2023,1600,16965,300,200,6755,16481,3483,4634
23,2,2023,1600,17186,300,200,5813,17419,2116,6866
24,2,2023,1600,13140,300,200,7782,15392,3472,12732
25,2,2023,1600,14531,300,200,6208,17939,2331,16928
26,2,2023,1600,13414,300,200,7930,15504,2153,19055
27,2,2023,1600,16303,300,200,7329,15637,3788,16423
28,2,2023,1600,10360,300,200,7570,18883,2450,12069

1,2,2023,1600,10291,300,200,5799,16726,2395,15876
2,2,2023,1600,12843,300,200,7986,16921,3662,17862
3,2,2023,1600,12632,300,200,5998,17662,3622,16447
4,2,2023,1600,14454,300,200,7275,17957,3488,4549
5,2,2023,1600,12083,300,200,6188,15392,2013,4375
6,2,2023,1600,13804,300,200,5432,18088,3680,17353
7,2,2023,1600,17008,300,200,7486,19927,3424,15611
8,2,2023,1600,12728,300,200,5886,18632,3769,18086
9,2,2023,1600,15085,300,200,7258,16410,3701,16075
10,2,2023,1600,10341,300,200,6596,17470,3119,16688
11,2,2023,1600,12837,300,200,7272,16673,2598,18396
12,2,2023,1600,10570,300,200,5260,15835,2917,4410
13,2,2023,1600,17242,300,200,5098,17343,2576,16601
14,2,2023,1600,14012,300,200,5289,19949,3026,15801
15,2,2023,1600,10499,300,200,7982,17633,3234,7526
16,2,2023,1600,11635,300,200,5386,19417,2925,5738
17,2,2023,1600,11855,300,200,6084,18923,2755,10822
18,2,2023,1600,12773,300,200,7522,18244,3705,12892
19,2,2023,1600,13243,300,200,5689,17857,3232,11845
20,2,2023,1600,17213,300,200,6145,19309,3964,15848
21,2,2023,1600,12550,300,200,7765,19082,3284,7986
22,2,2023,1600,12196,300,200,7478,18721,3700,8510
23,2,2023,1600,16619,300,200,6915,17956,2898,6707
24,2,2023,1600,11784,300,200,5139,16065,3158,18887
25,2,2023,1600,17941,300,200,6989,15277,3697,17609
26,2,2023,1600,13492,300,200,7005,17312,2199,18534
27,2,2023,1600,17874,300,200,6182,19398,2313,13852
28,2,2023,1600,10730,300,200,6166,15782,2031,11344

1,2,2023,1600,16827,300,200,5909,18244,2448,9240
2,2,2023,1600,12866,300,200,6437,19052,3200,5677
3,2,2023,1600,14827,300,200,7830,18489,2904,8441
4,2,2023,1600,12669,300,200,7243,17723,3971,4364
5,2,2023,1600,15517,300,200,5675,19524,2611,5259
6,2,2023,1600,16870,300,200,5770,16072,3027,5368
7,2,2023,1600,16738,300,200,5325,19514,3520,6274
8,2,2023,1600,10860,300,200,5860,16192,2636,12199
9,2,2023,1600,17808,300,200,5731,17174,2788,15784
10,2,2023,1600,13137,300,200,5409,18734,2280,19626
11,2,2023,1600,12055,300,200,6153,15658,3195,7434
12,2,2023,1600,10511,300,200,6031,16919,2456,17913
13,2,2023,1600,12003,300,200,5818,16403,3144,13733
14,2,2023,1600,16883,300,200,7087,17204,2063,6611
15,2,2023,1600,16104,300,200,5778,18416,3661,16290
16,2,2023,1600,10246,300,200,6017,17928,3127,6745
17,2,2023,1600,17425,300,200,7285,15433,3024,10525
18,2,2023,1600,15571,300,200,6409,18615,2057,14895
19,2,2023,1600,13690,300,200,7382,16116,2268,10627
20,2,2023,1600,15732,300,200,7409,16349,3451,7102
21,2,2023,1600,17681,300,200,6814,19379,2051,9753
22,2,2023,1600,11803,300,200,6117,18234,2040,19022
23,2,2023,1600,15338,300,200,5938,16079,3646,8232
24,2,2023,1600,17393,300,200,5879,18237,2024,7171
25,2,2023,1600,13403,300,200,6515,15359,3420,5975
26,2,2023,1600,12326,300,200,5264,19163,2950,13709
27,2,2023,1600,16555,300,200,6225,15365,3009,16831
28,2,2023,1600,13197,300,200,5985,15089,2789,4101

1,2,2023,1600,16748,300,200,7129,19766,2505,18632
2,2,2023,1600,10033,300,200,7916,17676,3285,19917
3,2,2023,1600,14893,300,200,5058,15821,2928,5059
4,2,2023,1600,13794,300,200,7533,17574,3956,10230
5,2,2023,1600,11968,300,200,7554,16192,2814,6620
6,2,2023,1600,11902,300,200,7535,15795,2983,10086
7,2,2023,1600,11325,300,200,6491,17864,3236,4963
8,2,2023,1600,17588,300,200,5136,17376,2893,18154
9,2,2023,1600,11428,300,200,6001,16379,2088,19323
10,2,2023,1600,14881,300,200,6725,16268,2814,17617
11,2,2023,1600,10870,300,200,5637,17505,3146,18857
12,2,2023,1600,17659,300,200,7533,15153,3148,9653
13,2,2023,1600,15343,300,200,5461,16107,3858,11988
14,2,2023,1600,12062,300,200,5956,19688,3664,17966
15,2,2023,1600,16467,300,200,6631,17795,3966,17877
16,2,2023,1600,14777,300,200,5810,15961,2476,10235
17,2,2023,1600,15692,300,200,7524,16669,3024,17372
18,2,2023,1600,15341,300,200,7142,16825,3512,14952
19,2,2023,1600,13084,300,200,5962,15353,3012,19727
20,2,2023,1600,17234,300,200,6245,19296,2817,13823
21,2,2023,1600,15225,300,200,6955,15058,3478,19983
22,2,2023,1600,16477,300,200,7552,15770,3966,4915
23,2,2023,1600,16840,300,200,6092,17367,3138,17085
24,2,2023,1600,13213,300,200,5756,19609,3069,17725
25,2,2023,1600,13076,300,200,6200,16266,2874,17530
26,2,2023,1600,15652,300,200,7867,18142,2412,19897
27,2,2023,1600,13161,300,200,6633,15533,2648,4017
28,2,2023,1600,13367,300,200,5388,16165,2606,6205

1,2,2023,1600,16660,300,200,6822,16189,2799,5373
2,2,2023,1600,12780,300,200,5316,15677,2651,17043
3,2,2023,1600,13061,300,200,5295,16813,2083,16650
4,2,2023,1600,16725,300,200,6573,17403,2395,8486
5,2,2023,1600,12312,300,200,5792,16075,2948,18762
6,2,2023,1600,14444,300,200,7062,15273,3313,15738
7,2,2023,1600,16507,300,200,6597,15447,3144,17107
8,2,2023,1600,15140,300,200,6351,19509,3143,15379
9,2,2023,1600,15708,300,200,7598,17919,2551,15153
10,2,2023,1600,10755,300,200,6950,15503,2435,9662
11,2,2023,1600,17070,300,200,5411,15361,3182,15471
12,2,2023,1600,17802,300,200,5801,15102,3349,13732
13,2,2023,1600,13333,300,200,7795,19488,3931,14880
14,2,2023,1600,17728,300,200,7021,15439,2741,11128
15,2,2023,1600,10595,300,200,5131,15030,2844,7352
16,2,2023,1600,14798,300,200,6349,15336,2182,18135
17,2,2023,1600,15509,300,200,6925,18538,3670,4325
18,2,2023,1600,15234,300,200,5489,15377,2501,6270
19,2,2023,1600,12911,300,200,6805,18383,2755,9826
20,2,2023,1600,11354,300,200,7944,17489,3558,7061
21,2,2023,1600,16617,300,200,7168,18704,2995,12216
22,2,2023,1600,10994,300,200,6226,16639,3017,19990
23,2,2023,1600,13128,300,200,5740,17137,2342,19365
24,2,2023,1600,14044,300,200,5020,17617,2843,6289
25,2,2023,1600,15193,300,200,7177,17677,2652,4984
26,2,2023,1600,10758,300,200,5280,15931,3606,6764
27,2,2023,1600,14969,300,200,6946,17590,2679,12316
28,2,2023,1600,12185,300,200,5288,18587,3293,12750

1,2,2023,1600,10336,300,200,5062,18578,2107,4147
2,2,2023,1600,13155,300,200,5967,18839,2393,6982
3,2,2023,1600,15746,300,200,6869,19126,2953,16489
4,2,2023,1600,10222,300,200,7230,18911,2937,6911
5,2,2023,1600,12790,300,200,6465,15144,3841,6123
6,2,2023,1600,15446,300,200,5751,19347,2268,8312
7,2,2023,1600,14465,300,200,7852,15331,3204,8605
8,2,2023,1600,14471,300,200,5796,17726,2969,8980
9,2,2023,1600,15709,300,200,7228,19407,3826,16788
10,2,2023,1600,16842,300,200,6289,15255,3312,19602
11,2,2023,1600,16385,300,200,7502,19866,2645,6869
12,2,2023,1600,14800,300,200,6548,16489,3147,11795
13,2,2023,1600,12629,300,200,6963,19537,3711,16608
14,2,2023,1600,14779,300,200,6058,15206,2575,18529
15,2,2023,1600,13120,300,200,5402,16796,3007,18852
16,2,2023,1600,13602,300,200,6381,15185,3245,11556
17,2,2023,1600,15279,300,200,6407,18445,2803,10175
18,2,2023,1600,16236,300,200,6366,19637,2988,12311
19,2,2023,1600,10411,300,200,7042,17268,3698,6713
20,2,2023,1600,12680,300,200,5338,17880,3296,7410
21,2,2023,1600,13192,300,200,6649,16309,2353,13348
22,2,2023,1600,10715,300,200,7342,15256,3054,17473
23,2,2023,1600,11373,300,200,7975,19205,3957,10042
24,2,2023,1600,14618,300,200,6769,19733,2708,15792
25,2,2023,1600,12936,300,200,7181,16933,3261,9090
26,2,2023,1600,10801,300,200,7590,16119,3839,4356
27,2,2023,1600,10224,300,200,7093,17296,2323,4592
28,2,2023,1600,13645,300,200,7635,18455,3953,9335

1,2,2023,1600,13182,300,200,6002,17340,3936,17824
2,2,2023,1600,15093,300,200,5292,16927,3662,13315
3,2,2023,1600,14414,300,200,6705,16682,3838,16681
4,2,2023,1600,10827,300,200,7430,16412,2420,12247
5,2,2023,1600,14208,300,200,7312,18753,2437,15501
6,2,2023,1600,13891,300,200,7126,15888,2767,8862
7,2,2023,1600,16767,300,200,7291,17595,2016,16727
8,2,2023,1600,14918,300,200,6630,19649,2399,18863
9,2,2023,1600,17100,300,200,6722,17342,2385,17386
10,2,2023,1600,17037,300,200,7090,19041,2856,14052
11,2,2023,1600,14117,300,200,6523,15407,3064,14077
12,2,2023,1600,10318,300,200,7139,19515,2029,13748
13,2,2023,1600,12937,300,200,6286,15122,3999,19568
14,2,2023,1600,12080,300,200,7734,16416,3027,16704
15,2,2023,1600,15311,300,200,6273,17975,3604,15309
16,2,2023,1600,13914,300,200,5778,17496,3418,16858
17,2,2023,1600,12148,300,200,6344,15943,2779,17203
18,2,2023,1600,11207,300,200,5634,16289,2006,7542
19,2,2023,1600,12797,300,200,5175,16669,2595,10635
20,2,2023,1600,15531,300,200,5852,15124,3509,13779
21,2,2023,1600,17475,300,200,7820,17491,3670,13220
22,2,2023,1600,13966,300,200,5979,18411,3441,4691
23,2,2023,1600,11931,300,200,6423,17754,2284,19381
24,2,2023,1600,17111,300,200,7985,16278,2192,8561
25,2,2023,1600,12114,300,200,7902,15050,2217,4821
26,2,2023,1600,12635,300,200,5977,15371,2914,6945
27,2,2023,1600,12571,300,200,7883,17972,2071,14695
28,2,2023,1600,12255,300,200,5675,19662,2455,10290

1,2,2023,1600,12785,300,200,6108,17662,2085,11650
2,2,2023,1600,12750,300,200,7232,19428,3953,6106
3,2,2023,1600,15008,300,200,7308,16146,2127,14585
4,2,2023,1600,11460,300,200,7347,17488,3048,12698
5,2,2023,1600,16937,300,200,7491,15315,3406,4943
6,2,2023,1600,10510,300,200,6687,19893,3410,6174
7,2,2023,1600,11479,300,200,5545,19279,2180,18410
8,2,2023,1600,11868,300,200,5954,17714,3263,15684
9,2,2023,1600,15418,300,200,6246,15592,3361,9548
10,2,2023,1600,15409,300,200,6827,16256,2779,11240
11,2,2023,1600,12065,300,200,6608,17274,2785,8067
12,2,2023,1600,16865,300,200,6816,17194,3022,14644
13,2,2023,1600,12961,300,200,6608,18924,3207,8768
14,2,2023,1600,11387,300,200,6495,16938,3551,17534
15,2,2023,1600,12865,300,200,7409,15741,2231,4022
16,2,2023,1600,15755,300,200,6435,16011,2616,8818
17,2,2023,1600,17505,300,200,5694,18232,2380,10790
18,2,2023,1600,15755,300,200,6288,17766,3914,14889
19,2,2023,1600,17767,300,200,5715,17556,3683,16581
20,2,2023,1600,15133,300,200,7909,17149,2050,9426
21,2,2023,1600,16516,300,200,7899,15822,2417,18671
22,2,2023,1600,14104,300,200,5613,17403,3674,19363
23,2,2023,1600,14445,300,200,5887,16463,3694,5290
24,2,2023,1600,10497,300,200,7785,18394,3344,4246
25,2,2023,1600,14870,300,200,7894,15509,2302,11155
26,2,2023,1600,12748,300,200,7857,17192,3454,8917
27,2,2023,1600,11701,300,200,6125,15620,3925,16820
28,2,2023,1600,16350,300,200,6712,19146,2728,17210

1,2,2023,1600,16064,300,200,5690,16417,2002,16964
2,2,2023,1600,10533,300,200,7505,17316,2266,18626
3,2,2023,1600,11007,300,200,7686,17135,2975,5358
4,2,2023,1600,11732,300,200,5912,17982,2351,9347
5,2,2023,1600,16749,300,200,5101,16839,3534,16383
6,2,2023,1600,10803,300,200,7690,17135,3041,18113
7,2,2023,1600,14751,300,200,5223,15123,2663,11076
8,2,2023,1600,12785,300,200,7360,15516,3422,19426
9,2,2023,1600,15977,300,200,5175,16656,3064,4299
10,2,2023,1600,15162,300,200,7720,17036,3206,4456
11,2,2023,1600,14549,300,200,5846,16466,2393,6378
12,2,2023,1600,13051,300,200,5469,18099,3411,5753
13,2,2023,1600,12375,300,200,6526,18064,2925,16317
14,2,2023,1600,14285,300,200,7339,19363,3636,4174
15,2,2023,1600,13365,300,200,5323,17331,2200,11637
16,2,2023,1600,17645,300,200,5711,17199,2234,12154
17,2,2023,1600,10871,300,200,5879,17055,3511,7096
18,2,2023,1600,13449,300,200,6293,18527,3830,6001
19,2,2023,1600,15634,300,200,5997,17531,2385,17102
20,2,2023,1600,10992,300,200,7595,15910,2792,12978
21,2,2023,1600,10604,300,200,7056,18387,3690,16508
22,2,2023,1600,16195,300,200,6866,17478,2633,9590
23,2,2023,1600,12111,300,200,6457,18699,2791,4165
24,2,2023,1600,13455,300,200,5989,17425,3294,15972
25,2,2023,1600,14341,300,200,7800,16119,3467,12894
26,2,2023,1600,13707,300,200,6304,16027,3853,17554
27,2,2023,1600,16668,300,200,5866,16870,3924,15627
28,2,2023,1600,10140,300,200,5823,15491,3725,10201

1,2,2023,1600,11631,300,200,5331,18788,3026,15190
2,2,2023,1600,17620,300,200,6022,18342,2585,17222
3,2,2023,1600,13382,300,200,6819,17832,2677,5052
4,2,2023,1600,10821,300,200,5188,17454,3151,9525
5,2,2023,1600,16720,300,200,7278,17563,3876,16440
6,2,2023,1600,14303,300,200,7950,17711,3127,17360
7,2,2023,1600,10211,300,200,7744,17834,2157,13015
8,2,2023,1600,11356,300,200,7567,16900,2969,11149
9,2,2023,1600,12156,300,200,6700,17818,2223,12610
10,2,2023,1600,12423,300,200,6770,17260,2751,6366
11,2,2023,1600,14136,300,200,7471,15733,2585,18524
12,2,2023,1600,13373,300,200,7603,18457,2773,13111
13,2,2023,1600,10946,300,200,7595,15723,2589,12000
14,2,2023,1600,11554,300,200,7024,15589,3999,17542
15,2,2023,1600,14739,300,200,7155,15783,3525,4398
16,2,2023,1600,12488,300,200,6416,17433,3979,8545
17,2,2023,1600,14238,300,200,6417,19775,2982,12197
18,2,2023,1600,11073,300,200,6682,18794,3502,17140
19,2,2023,1600,17029,300,200,5246,17527,2946,16821
20,2,2023,1600,16528,300,200,7941,18716,2862,10599
21,2,2023,1600,12634,300,200,7546,17164,2680,16410
22,2,2023,1600,12060,300,200,5695,17604,2501,5731
23,2,2023,1600,17319,300,200,5730,17382,3576,11852
24,2,2023,1600,10140,300,200,7607,17168,3645,6111
25,2,2023,1600,13880,300,200,5819,15402,3198,5308
26,2,2023,1600,15997,300,200,5919,17896,2312,18128
27,2,2023,1600,10583,300,200,5405,19326,2828,19799
28,2,2023,1600,13387,300,200,7314,15420,2541,9975

1,2,2023,1600,17541,300,200,6200,19804,3201,18505
2,2,2023,1600,17556,300,200,6689,19670,2405,4715
3,2,2023,1600,12621,300,200,5881,17798,3014,9395
4,2,2023,1600,11225,300,200,7207,18416,3902,9345
5,2,2023,1600,12375,300,200,6230,16018,2722,13364
6,2,2023,1600,16645,300,200,7763,17194,3859,11725
7,2,2023,1600,14805,300,200,5211,18663,2099,6358
8,2,2023,1600,13881,300,200,5021,17295,3366,7756
9,2,2023,1600,10772,300,200,5908,19951,3684,12664
10,2,2023,1600,14196,300,200,6225,17009,3097,7025
11,2,2023,1600,15501,300,200,5827,18186,2976,19755
12,2,2023,1600,11688,300,200,7284,17362,2659,13110
13,2,2023,1600,16496,300,200,7291,19118,2334,15251
14,2,2023,1600,13810,300,200,6300,19753,2437,5982
15,2,2023,1600,12012,300,200,6504,15078,2539,15176
16,2,2023,1600,15433,300,200,5459,19585,3194,7424
17,2,2023,1600,11323,300,200,6274,16856,2847,4433
18,2,2023,1600,11312,300,200,7904,16619,2563,8482
19,2,2023,1600,12189,300,200,6436,18985,2994,4157
20,2,2023,1600,11309,300,200,7829,16560,2348,15842
21,2,2023,1600,13845,300,200,5572,16740,2191,14411
22,2,2023,1600,10299,300,200,5927,17826,3255,16901
23,2,2023,1600,13589,300,200,6253,19936,3446,14027
24,2,2023,1600,10476,300,200,5854,15396,3630,7265
25,2,2023,1600,14412,300,200,6844,18464,3027,17963
26,2,2023,1600,16412,300,200,6315,18514,3961,14972
27,2,2023,1600,16131,300,200,7225,16638,2967,12217
28,2,2023,1600,12795,300,200,5049,16479,2033,16863

1,2,2023,1600,12483,300,200,7824,15979,2233,4911
2,2,2023,1600,12965,300,200,7167,18814,2038,14173
3,2,2023,1600,13116,300,200,6045,15193,2435,10239
4,2,2023,1600,12547,300,200,7874,16112,2085,12529
5,2,2023,1600,15626,300,200,6994,18630,3070,15348
6,2,2023,1600,17362,300,200,6125,17430,2031,5716
7,2,2023,1600,10957,300,200,7118,15608,3571,18222
8,2,2023,1600,13536,300,200,6250,16856,2897,7542
9,2,2023,1600,14932,300,200,7531,17775,3574,19318
10,2,2023,1600,17866,300,200,5906,19969,3256,11667
11,2,2023,1600,15204,300,200,5074,16267,3733,12041
12,2,2023,1600,12572,300,200,7791,17639,3171,14694
13,2,2023,1600,15567,300,200,7321,15543,2206,6732
14,2,2023,1600,14346,300,200,6647,18969,2870,13773
15,2,2023,1600,16450,300,200,5639,17759,2403,9843
16,2,2023,1600,13655,300,200,5576,16811,2796,8040
17,2,2023,1600,17997,300,200,7894,16139,3594,15290
18,2,2023,1600,16667,300,200,5646,18729,2167,10724
19,2,2023,1600,14344,300,200,5327,18093,3162,12304
20,2,2023,1600,15810,300,200,7529,15055,2927,11814
21,2,2023,1600,11419,300,200,5233,18702,3877,12139
22,2,2023,1600,15181,300,200,7794,18975,3523,12132
23,2,2023,1600,10355,300,200,5610,19799,2083,12452
24,2,2023,1600,15955,300,200,7574,15586,2433,15591
25,2,2023,1600,12492,300,200,6493,19616,2262,15482
26,2,2023,1600,15516,300,200,5383,16140,2234,9641
27,2,2023,1600,10220,300,200,7255,17224,2365,10688
28,2,2023,1600,15856,300,200,7501,16010,2661,10451

1,2,2023,1600,10910,300,200,5505,18430,3043,17460
2,2,2023,1600,16052,300,200,6414,18913,2191,4708
3,2,2023,1600,17011,300,200,5025,15856,3594,10782
4,2,2023,1600,16630,300,200,5852,18755,3094,4506
5,2,2023,1600,12959,300,200,6999,19219,3430,4633
6,2,2023,1600,11934,300,200,6350,19193,3359,7753
7,2,2023,1600,17232,300,200,5143,18178,3747,4039
8,2,2023,1600,16537,300,200,7358,16313,2871,6206
9,2,2023,1600,15707,300,200,5815,19855,3457,6188
10,2,2023,1600,15667,300,200,5640,18434,2264,16631
11,2,2023,1600,14881,300,200,7450,18115,3063,10370
12,2,2023,1600,12641,300,200,7373,18048,2005,8353
13,2,2023,1600,17585,300,200,7809,19798,3824,6755
14,2,2023,1600,17296,300,200,6545,17572,3472,10174
15,2,2023,1600,12166,300,200,5972,15589,2119,12896
16,2,2023,1600,14106,300,200,6529,19816,2261,13674
17,2,2023,1600,15752,300,200,6241,15090,3901,9724
18,2,2023,1600,14477,300,200,7419,17379,2215,18956
19,2,2023,1600,10896,300,200,7568,17576,2032,16951
20,2,2023,1600,11674,300,200,5275,16430,3023,19208
21,2,2023,1600,14104,300,200,6376,18927,2037,14077
22,2,2023,1600,17903,300,200,5684,17994,2470,16413
23,2,2023,1600,12501,300,200,5738,19785,3333,6972
24,2,2023,1600,17806,300,200,5863,15622,2863,17042
25,2,2023,1600,12850,300,200,6476,17648,2400,12402
26,2,2023,1600,14553,300,200,6048,19818,2827,4081
27,2,2023,1600,11426,300,200,7259,15646,3950,7783
28,2,2023,1600,13411,300,200,5840,15069,3664,10196

1,2,2023,1600,14977,300,200,7557,18703,3716,19832
2,2,2023,1600,10252,300,200,5171,16395,3742,5896
3,2,2023,1600,15506,300,200,5227,18177,3865,16793
4,2,2023,1600,14722,300,200,5656,19444,3478,10532
5,2,2023,1600,16722,300,200,5517,16084,3653,13822
6,2,2023,1600,14410,300,200,6653,19763,3260,14662
7,2,2023,1600,11454,300,200,5363,17045,2857,17537
8,2,2023,1600,15863,300,200,6263,16449,3733,4475
9,2,2023,1600,10125,300,200,7177,18869,2470,15560
10,2,2023,1600,13713,300,200,6723,19922,3783,16311
11,2,2023,1600,16150,300,200,6042,19703,2387,13241
12,2,2023,1600,10356,300,200,7698,16236,2983,5954
13,2,2023,1600,16198,300,200,7065,17278,3670,6069
14,2,2023,1600,13657,300,200,6396,15115,2978,6267
15,2,2023,1600,11853,300,200,7434,15105,2572,5047
16,2,2023,1600,12474,300,200,5315,17443,2299,10731
17,2,2023,1600,11829,300,200,7998,19708,2012,7748
18,2,2023,1600,17976,300,200,5280,18363,2911,19193
19,2,2023,1600,16505,300,200,5049,15447,3038,19807
20,2,2023,1600,15385,300,200,6485,15271,3988,18112
21,2,2023,1600,12808,300,200,6160,15364,3404,7634
22,2,2023,1600,12961,300,200,5904,19858,2249,7895
23,2,2023,1600,15991,300,200,6171,18396,3824,11389
24,2,2023,1600,17293,300,200,7560,16141,3259,16512
25,2,2023,1600,10716,300,200,5236,19929,2002,5029
26,2,2023,1600,14225,300,200,5556,18285,3585,10285
27,2,2023,1600,16023,300,200,7113,16277,3426,12500
28,2,2023,1600,12886,300,200,7245,15439,3292,11945

1,2,2023,1600,13119,300,200,6017,19388,3820,6959
2,2,2023,1600,10119,300,200,7907,16856,2016,11893
3,2,2023,1600,10611,300,200,7645,15923,2608,16528
4,2,2023,1600,12738,300,200,6921,15875,3246,14227
5,2,2023,1600,16258,300,200,5771,17228,2870,5645
6,2,2023,1600,14774,300,200,7162,17128,2033,6088
7,2,2023,1600,12375,300,200,7212,18367,3598,8290
8,2,2023,1600,10059,300,200,6041,16944,2248,10428
9,2,2023,1600,13745,300,200,7090,15427,2706,15185
10,2,2023,1600,12036,300,200,7339,17053,3572,11588
11,2,2023,1600,15978,300,200,6126,16429,3274,11115
12,2,2023,1600,11551,300,200,7121,17472,2380,4966
13,2,2023,1600,13721,300,200,6523,16079,2600,12670
14,2,2023,1600,15081,300,200,5589,16582,3777,12113
15,2,2023,1600,10201,300,200,5122,16785,3225,4441
16,2,2023,1600,15939,300,200,6496,15695,2916,5736
17,2,2023,1600,10636,300,200,5341,15205,3453,4184
18,2,2023,1600,16114,300,200,5713,15979,2625,14471
19,2,2023,1600,13599,300,200,5284,15584,3305,5331
20,2,2023,1600,10459,300,200,5898,16990,3120,12858
21,2,2023,1600,15143,300,200,5396,18054,2993,14433
22,2,2023,1600,10159,300,200,7012,17107,2691,9321
23,2,2023,1600,11851,300,200,7730,19215,3009,8850
24,2,2023,1600,17475,300,200,7361,15573,3338,4434
25,2,2023,1600,17816,300,200,6524,15878,2282,14739
26,2,2023,1600,12526,300,200,5352,19570,3917,6484
27,2,2023,1600,14091,300,200,7455,19668,2852,12877
28,2,2023,1600,10021,300,200,7173,16841,2698,17081

1,2,2023,1600,14942,300,200,6093,16237,2636,6396
2,2,2023,1600,13545,300,200,7943,19502,3708,15933
3,2,2023,1600,10328,300,200,5348,18246,2301,11231
4,2,2023,1600,13445,300,200,7638,17736,2399,12375
5,2,2023,1600,16273,300,200,7339,15118,2461,5996
6,2,2023,1600,12275,300,200,6497,16631,2713,4629
7,2,2023,1600,14440,300,200,5963,18718,3450,18469
8,2,2023,1600,10780,300,200,7945,16040,2161,7179
9,2,2023,1600,13273,300,200,7479,17016,2104,11011
10,2,2023,1600,14084,300,200,5249,19331,2835,14993
11,2,2023,1600,12985,300,200,7284,16725,3704,12449
12,2,2023,1600,10544,300,200,5340,18160,3793,11139
13,2,2023,1600,16711,300,200,7692,17529,3486,6133
14,2,2023,1600,13073,300,200,5180,16127,3619,12683
15,2,2023,1600,15361,300,200,6919,19447,3728,18790
16,2,2023,1600,15771,300,200,5099,16233,3991,19271
17,2,2023,1600,11465,300,200,7837,16644,2114,11015
18,2,2023,1600,11087,300,200,5003,16158,2523,4545
19,2,2023,1600,10655,300,200,5586,17040,2872,7731
20,2,2023,1600,12904,300,200,6353,17379,2051,13589
21,2,2023,1600,16631,300,200,6284,17246,3224,14945
22,2,2023,1600,17700,300,200,7041,17318,2751,19526
23,2,2023,1600,17631,300,200,6933,19484,2082,14179
24,2,2023,1600,11622,300,200,6799,19620,2833,8310
25,2,2023,1600,12687,300,200,5177,16745,3916,11777
26,2,2023,1600,14364,300,200,6145,16021,2136,4279
27,2,2023,1600,10303,300,200,5743,19139,3551,8959
28,2,2023,1600,11136,300,200,5830,19646,2958,12679

1,2,2023,1600,17921,300,200,6548,15973,3031,18699
2,2,2023,1600,12256,300,200,7689,17469,3251,10285
3,2,2023,1600,17160,300,200,5834,17295,2561,8243
4,2,2023,1600,11265,300,200,5720,19212,3304,18201
5,2,2023,1600,17582,300,200,6923,17870,3636,14024
6,2,2023,1600,13280,300,200,7790,16760,2253,13302
7,2,2023,1600,14242,300,200,5924,17482,3321,17768
8,2,2023,1600,15098,300,200,5735,16381,2026,17792
9,2,2023,1600,13481,300,200,7692,17058,3839,13679
10,2,2023,1600,15951,300,200,5864,17947,2127,4091
11,2,2023,1600,10641,300,200,7095,16854,3973,10030
12,2,2023,1600,10455,300,200,5359,18382,2912,13477
13,2,2023,1600,13703,300,200,5168,15580,2847,17312
14,2,2023,1600,15450,300,200,5867,15921,2826,8974
15,2,2023,1600,11078,300,200,6343,15534,2071,9564
16,2,2023,1600,13020,300,200,6215,16814,3078,9440
17,2,2023,1600,11475,300,200,5768,16722,2454,13232
18,2,2023,1600,13071,300,200,5532,16833,3973,9409
19,2,2023,1600,11404,300,200,5243,17987,2972,6005
20,2,2023,1600,13906,300,200,7710,15878,2544,11905
21,2,2023,1600,16292,300,200,6790,18762,3365,18474
22,2,2023,1600,10277,300,200,5046,15849,3664,8877
23,2,2023,1600,12654,300,200,6672,15913,3678,7756
24,2,2023,1600,17805,300,200,7567,18577,2177,16565
25,2,2023,1600,12622,300,200,5241,16991,2585,16273
26,2,2023,1600,10194,300,200,6505,18733,3736,5982
27,2,2023,1600,14481,300,200,7210,16997,3339,5481
28,2,2023,1600,16010,300,200,5264,15278,3580,4361

1,2,2023,1600,15605,300,200,5873,18376,2741,10348
2,2,2023,1600,15845,300,200,7111,15965,2036,15373
3,2,2023,1600,13541,300,200,6400,19257,2666,15789
4,2,2023,1600,16820,300,200,5022,19294,3389,13894
5,2,2023,1600,10632,300,200,6185,17733,2580,19453
6,2,2023,1600,17881,300,200,6698,16102,2869,5130
7,2,2023,1600,10364,300,200,7415,16917,3510,4018
8,2,2023,1600,12683,300,200,7127,19390,3569,14090
9,2,2023,1600,12937,300,200,7582,16205,2504,15827
10,2,2023,1600,15582,300,200,6825,16058,2594,4221
11,2,2023,1600,15227,300,200,6866,15325,2330,17269
12,2,2023,1600,14568,300,200,6442,15364,2901,5136
13,2,2023,1600,10454,300,200,6039,18975,2141,9857
14,2,2023,1600,15489,300,200,6941,16200,3811,4817
15,2,2023,1600,15793,300,200,7092,16847,3804,4277
16,2,2023,1600,11227,300,200,5718,17222,3023,6474
17,2,2023,1600,16150,300,200,5931,15077,2086,14765
18,2,2023,1600,14113,300,200,5199,16750,3900,19813
19,2,2023,1600,11331,300,200,7568,19394,2577,11423
20,2,2023,1600,11254,300,200,6020,19509,2969,16187
21,2,2023,1600,13672,300,200,6024,17838,3501,6733
22,2,2023,1600,17650,300,200,7394,17847,2297,13967
23,2,2023,1600,16462,300,200,7048,18155,2123,18086
24,2,2023,1600,13419,300,200,5805,18819,3540,6785
25,2,2023,1600,16056,300,200,7904,15273,2505,4525
26,2,2023,1600,17175,300,200,6336,19259,2801,13501
27,2,2023,1600,12750,300,200,5438,16686,3740,4655
28,2,2023,1600,11355,300,200,5378,19456,2225,17325

1,2,2023,1600,17885,300,200,7060,17336,3814,7478
2,2,2023,1600,13738,300,200,6359,18134,3290,11896
3,2,2023,1600,11711,300,200,6631,16485,2129,17010
4,2,2023,1600,14503,300,200,6128,19373,3773,5209
5,2,2023,1600,10723,300,200,7650,16903,3232,13548
6,2,2023,1600,11829,300,200,5877,18015,2888,12559
7,2,2023,1600,11709,300,200,7531,19725,3356,10022
8,2,2023,1600,10377,300,200,5278,18679,3323,8442
9,2,2023,1600,17528,300,200,6129,16503,3283,7093
10,2,2023,1600,13193,300,200,6350,15279,3228,14354
11,2,2023,1600,13424,300,200,5986,15104,2878,6611
12,2,2023,1600,11244,300,200,7910,15009,2254,11891
13,2,2023,1600,10239,300,200,7771,17788,2798,10082
14,2,2023,1600,11340,300,200,5042,18607,3558,10878
15,2,2023,1600,10155,300,200,7996,19759,3920,11148
16,2,2023,1600,17327,300,200,6120,18794,2159,16491
17,2,2023,1600,16793,300,200,6868,17373,3989,17896
18,2,2023,1600,10349,300,200,7062,16815,3891,8378
19,2,2023,1600,13199,300,200,7693,17189,3427,16450
20,2,2023,1600,17870,300,200,5653,17331,3298,5216
21,2,2023,1600,11668,300,200,6738,17307,3861,4719
22,2,2023,1600,10817,300,200,5972,16353,2661,18112
23,2,2023,1600,11063,300,200,5471,18491,3091,15600
24,2,2023,1600,13474,300,200,5568,15726,2481,5245
25,2,2023,1600,10821,300,200,7901,17257,3446,15633
26,2,2023,1600,16597,300,200,5680,18920,3591,12060
27,2,2023,1600,17619,300,200,6451,18032,3421,5757
28,2,2023,1600,17551,300,200,7567,18437,2251,11052

1,2,2023,1600,10885,300,200,5330,16425,2497,10715
2,2,2023,1600,17801,300,200,8000,19683,3746,11161
3,2,2023,1600,14607,300,200,6741,15472,3144,17887
4,2,2023,1600,12728,300,200,6512,15303,3281,14309
5,2,2023,1600,12523,300,200,7841,19443,3121,16915
6,2,2023,1600,12823,300,200,5262,18980,3465,16059
7,2,2023,1600,17140,300,200,5401,18286,2628,7172
8,2,2023,1600,17769,300,200,6574,17089,2848,11983
9,2,2023,1600,11615,300,200,7520,19208,2455,17606
10,2,2023,1600,14575,300,200,5922,15170,3904,17385
11,2,2023,1600,17301,300,200,7548,18531,3363,6128
12,2,2023,1600,13354,300,200,7397,17082,3843,11526
13,2,2023,1600,13017,300,200,5057,16935,2424,15225
14,2,2023,1600,14928,300,200,5235,15880,3367,17261
15,2,2023,1600,15848,300,200,7754,15924,3958,6304
16,2,2023,1600,17228,300,200,6421,17968,3147,17209
17,2,2023,1600,11929,300,200,5578,18804,2133,19902
18,2,2023,1600,12948,300,200,6704,17544,3694,12576
19,2,2023,1600,13305,300,200,6955,17788,3672,17081
20,2,2023,1600,15482,300,200,7344,15374,3586,7419
21,2,2023,1600,16638,300,200,7134,15304,2932,18544
22,2,2023,1600,12350,300,200,5964,16285,3588,19551
23,2,2023,1600,11193,300,200,7807,17300,3200,12892
24,2,2023,1600,15705,300,200,6872,18268,3806,8913
25,2,2023,1600,10818,300,200,7158,18712,2266,10292
26,2,2023,1600,10277,300,200,5929,15676,2675,13890
27,2,2023,1600,14705,300,200,5361,18092,3726,5462
28,2,2023,1600,13778,300,200,5400,15070,3774,14095

1,2,2023,1600,13751,300,200,6065,19623,3542,11079
2,2,2023,1600,17770,300,200,7682,19824,2436,10126
3,2,2023,1600,11748,300,200,6257,16628,2966,17922
4,2,2023,1600,10854,300,200,7761,16858,3729,11242
5,2,2023,1600,15830,300,200,7586,17106,2106,8952
6,2,2023,1600,17388,300,200,7189,17342,3275,14954
7,2,2023,1600,10349,300,200,7739,18980,3969,16105
8,2,2023,1600,13259,300,200,5906,19287,3074,18502
9,2,2023,1600,11006,300,200,7909,17732,2644,13557
10,2,2023,1600,15352,300,200,7273,18037,3901,17998
11,2,2023,1600,17136,300,200,6651,19712,2620,16552
12,2,2023,1600,17019,300,200,6350,16831,2017,6738
13,2,2023,1600,15539,300,200,7372,19056,3536,11589
14,2,2023,1600,14785,300,200,5504,16841,2502,8514
15,2,2023,1600,13741,300,200,6410,15973,2418,19605
16,2,2023,1600,12222,300,200,6144,16666,2440,16598
17,2,2023,1600,13872,300,200,7900,16423,3722,4370
18,2,2023,1600,17881,300,200,6858,19859,3414,14660
19,2,2023,1600,14638,300,200,6364,19376,2164,11554
20,2,2023,1600,13461,300,200,6090,16139,2304,13514
21,2,2023,1600,15192,300,200,7459,15604,2423,10930
22,2,2023,1600,14297,300,200,7606,17416,2252,9738
23,2,2023,1600,14831,300,200,5939,17540,3164,7296
24,2,2023,1600,14833,300,200,7385,17213,3354,13095
25,2,2023,1600,11727,300,200,7048,19086,3195,4828
26,2,2023,1600,14426,300,200,6273,19414,3456,15083
27,2,2023,1600,12657,300,200,6031,16862,3844,11657
28,2,2023,1600,10598,300,200,6432,17804,3397,15234

1,2,2023,1600,15849,300,200,5397,18139,3954,18495
2,2,2023,1600,17005,300,200,7085,18113,2218,19992
3,2,2023,1600,15151,300,200,5581,19576,2085,11867
4,2,2023,1600,15013,300,200,6755,18976,3160,11223
5,2,2023,1600,10883,300,200,6955,15598,2467,8502
6,2,2023,1600,11669,300,200,7604,15880,2252,18579
7,2,2023,1600,14276,300,200,6202,17690,2480,5056
8,2,2023,1600,15957,300,200,5990,17705,3293,6053
9,2,2023,1600,14391,300,200,7301,16848,3403,10449
10,2,2023,1600,13726,300,200,7591,19391,3622,12631
11,2,2023,1600,14456,300,200,6901,18989,3285,4818
12,2,2023,1600,16448,300,200,5682,16407,2480,6201
13,2,2023,1600,11870,300,200,7601,18173,3704,11424
14,2,2023,1600,16058,300,200,7097,15383,3565,5211
15,2,2023,1600,12804,300,200,7685,16765,2516,6371
16,2,2023,1600,10303,300,200,6309,18503,2765,16460
17,2,2023,1600,13730,300,200,5213,15375,3897,10159
18,2,2023,1600,10192,300,200,7392,19887,2813,4030
19,2,2023,1600,15574,300,200,6116,16231,3748,18202
20,2,2023,1600,15147,300,200,5988,19188,2245,15186
21,2,2023,1600,12931,300,200,5325,18905,3070,9799
22,2,2023,1600,13967,300,200,5367,16950,2079,12094
23,2,2023,1600,15822,300,200,7640,17432,3776,16221
24,2,2023,1600,12843,300,200,5450,18895,3063,17033
25,2,2023,1600,16137,300,200,7468,16426,3896,9474
26,2,2023,1600,13253,300,200,7572,15219,3453,7908
27,2,2023,1600,15059,300,200,6176,17734,2713,17518
28,2,2023,1600,10109,300,200,5758,17729,2047,14938

1,2,2023,1600,14159,300,200,7801,16577,3691,8697
2,2,2023,1600,13868,300,200,6774,16028,2385,10756
3,2,2023,1600,11969,300,200,6892,16485,2700,13141
4,2,2023,1600,14493,300,200,6224,15211,3691,16478
5,2,2023,1600,12694,300,200,5264,19079,2877,6874
6,2,2023,1600,12426,300,200,6233,16225,2526,6378
7,2,2023,1600,10882,300,200,5052,16110,3017,4229
8,2,2023,1600,14661,300,200,7840,17285,3099,11199
9,2,2023,1600,15476,300,200,6473,17399,3334,15011
10,2,2023,1600,10681,300,200,5540,16769,2045,6093
11,2,2023,1600,15359,300,200,5947,16418,2302,19643
12,2,2023,1600,10505,300,200,6208,18340,2537,10179
13,2,2023,1600,17576,300,200,7985,18111,2258,4011
14,2,2023,1600,14286,300,200,5648,17145,2483,12295
15,2,2023,1600,10807,300,200,7247,15638,2158,4259
16,2,2023,1600,16252,300,200,6962,17309,2782,15780
17,2,2023,1600,14483,300,200,5480,19997,3798,14686
18,2,2023,1600,15555,300,200,5326,16644,3770,4234
19,2,2023,1600,16563,300,200,5492,17427,3087,18496
20,2,2023,1600,15455,300,200,6623,17983,2844,17060
21,2,2023,1600,13114,300,200,7170,16742,2023,4811
22,2,2023,1600,10502,300,200,5891,15333,2934,6540
23,2,2023,1600,16273,300,200,6484,18031,2070,18699
24,2,2023,1600,10456,300,200,5121,16523,2797,12895
25,2,2023,1600,10339,300,200,6746,18822,2541,10465
26,2,2023,1600,10514,300,200,6558,17442,3915,5379
27,2,2023,1600,12743,300,200,5084,15757,2938,14044
28,2,2023,1600,16822,300,200,5600,16587,3528,5089

1,2,2023,1600,13615,300,200,7292,16907,2321,17143
2,2,2023,1600,13185,300,200,5174,17641,2216,17750
3,2,2023,1600,14190,300,200,6476,19402,2127,5254
4,2,2023,1600,17734,300,200,6405,17030,3391,9976
5,2,2023,1600,11337,300,200,5084,15618,2005,8843
6,2,2023,1600,14615,300,200,6137,17550,2602,10323
7,2,2023,1600,13295,300,200,6086,18234,3976,19910
8,2,2023,1600,11876,300,200,7218,16263,3331,19404
9,2,2023,1600,14795,300,200,6443,17426,2794,12877
10,2,2023,1600,17762,300,200,7435,17268,2299,14429
11,2,2023,1600,12075,300,200,7249,15267,2360,15455
12,2,2023,1600,15899,300,200,7319,19432,2446,9133
13,2,2023,1600,17617,300,200,6535,17214,2678,13403
14,2,2023,1600,12492,300,200,6989,18906,2908,10854
15,2,2023,1600,15706,300,200,7843,19465,2387,14206
16,2,2023,1600,10218,300,200,5929,17623,3582,16173
17,2,2023,1600,10551,300,200,6990,16951,2105,4815
18,2,2023,1600,17568,300,200,7096,17138,2515,9638
19,2,2023,1600,16692,300,200,7345,16373,3643,4453
20,2,2023,1600,10792,300,200,6536,19995,3652,16625
21,2,2023,1600,11810,300,200,6362,15696,2104,5495
22,2,2023,1600,10814,300,200,6985,15753,3906,13569
23,2,2023,1600,16326,300,200,5750,15605,2225,15430
24,2,2023,1600,14853,300,200,5571,18175,3289,13378
25,2,2023,1600,14593,300,200,6725,15848,3200,11109
26,2,2023,1600,15686,300,200,5330,18898,3915,12367
27,2,2023,1600,16427,300,200,5399,15695,2094,6895
28,2,2023,1600,15410,300,200,5680,18954,3272,11112

1,2,2023,1600,10895,300,200,7310,19922,3892,10537
2,2,2023,1600,16915,300,200,6629,17691,2052,9531
3,2,2023,1600,11947,300,200,7378,17515,3414,16932
4,2,2023,1600,14625,300,200,5499,16063,3579,4534
5,2,2023,1600,13400,300,200,7740,17328,3787,10843
6,2,2023,1600,14961,300,200,5285,17250,2436,5514
7,2,2023,1600,14599,300,200,7682,19168,2457,9810
8,2,2023,1600,10287,300,200,6995,18772,3760,7020
9,2,2023,1600,16262,300,200,6840,16118,2658,6875
10,2,2023,1600,15434,300,200,5438,18189,2169,7805
11,2,2023,1600,13063,300,200,7755,16147,3743,19940
12,2,2023,1600,16547,300,200,5973,17707,2733,12466
13,2,2023,1600,10515,300,200,7737,18719,2270,16479
14,2,2023,1600,10968,300,200,6532,17660,3194,7578
15,2,2023,1600,12023,300,200,5436,15882,2444,17005
16,2,2023,1600,10830,300,200,7315,17734,3711,13450
17,2,2023,1600,16993,300,200,7039,16542,2720,13218
18,2,2023,1600,16489,300,200,7846,18065,2266,9480
19,2,2023,1600,15522,300,200,5895,18220,3806,8977
20,2,2023,1600,12891,300,200,7016,15392,2818,15051
21,2,2023,1600,13227,300,200,6306,17877,2674,4098
22,2,2023,1600,10045,300,200,7424,16783,3087,7768
23,2,2023,1600,11566,300,200,6588,17000,3034,12446
24,2,2023,1600,11883,300,200,6436,17583,2915,8966
25,2,2023,1600,12124,300,200,7048,16551,3232,7219
26,2,2023,1600,12689,300,200,5955,17193,2956,4458
27,2,2023,1600,17796,300,200,5792,15470,3436,9086
28,2,2023,1600,12951,300,200,6752,15194,3151,8716

1,2,2023,1600,12285,300,200,5242,18838,3020,6978
2,2,2023,1600,12924,300,200,5306,15465,2769,19888
3,2,2023,1600,10794,300,200,6266,19141,2021,19915
4,2,2023,1600,12957,300,200,6527,18070,3753,8531
5,2,2023,1600,17938,300,200,5420,16452,3306,8164
6,2,2023,1600,16441,300,200,7422,19601,3213,13072
7,2,2023,1600,16826,300,200,5126,16800,3087,19906
8,2,2023,1600,17559,300,200,6915,15674,2119,18550
9,2,2023,1600,16010,300,200,5978,17616,2675,12146
10,2,2023,1600,14659,300,200,7796,17352,2958,9636
11,2,2023,1600,17771,300,200,5459,17016,3251,5210
12,2,2023,1600,13288,300,200,5651,15540,2926,12188
13,2,2023,1600,10766,300,200,7238,18487,2596,15155
14,2,2023,1600,13737,300,200,7670,17699,2984,16430
15,2,2023,1600,17487,300,200,7452,16239,3193,17846
16,2,2023,1600,14084,300,200,6641,15029,3341,11516
17,2,2023,1600,14201,300,200,7551,18662,2424,7256
18,2,2023,1600,13978,300,200,6874,15748,2831,4679
19,2,2023,1600,14186,300,200,6189,15668,2592,11066
20,2,2023,1600,12488,300,200,6915,16865,3794,13117
21,2,2023,1600,13359,300,200,5623,17905,3360,16451
22,2,2023,1600,16123,300,200,6899,17804,2885,19159
23,2,2023,1600,17564,300,200,5312,15003,2746,9594
24,2,2023,1600,11336,300,200,6680,18509,3662,10757
25,2,2023,1600,13964,300,200,7039,19514,3258,16401
26,2,2023,1600,15694,300,200,5414,16471,3275,13382
27,2,2023,1600,13239,300,200,6159,16153,3126,19545
28,2,2023,1600,11501,300,200,6394,16076,3045,5578

1,2,2023,1600,11584,300,200,7831,19864,2216,4441
2,2,2023,1600,12388,300,200,6794,15992,2735,16878
3,2,2023,1600,10934,300,200,7909,19359,2844,13550
4,2,2023,1600,17986,300,200,6356,16661,3509,17006
5,2,2023,1600,15996,300,200,6444,15451,2128,11177
6,2,2023,1600,10898,300,200,6197,17370,3725,17367
7,2,2023,1600,10776,300,200,6584,16118,2299,11307
8,2,2023,1600,14977,300,200,7222,18867,3719,17161
9,2,2023,1600,10872,300,200,6465,15927,2895,9947
10,2,2023,1600,15015,300,200,7181,18387,2453,10790
11,2,2023,1600,13501,300,200,6137,16917,3202,4922
12,2,2023,1600,10998,300,200,6719,15268,3077,18309
13,2,2023,1600,13647,300,200,7781,15622,3428,16393
14,2,2023,1600,14624,300,200,5352,17657,3841,5839
15,2,2023,1600,12891,300,200,6271,17475,2541,16807
16,2,2023,1600,10704,300,200,6470,16228,2814,12145
17,2,2023,1600,11044,300,200,7186,19158,2948,5721
18,2,2023,1600,12057,300,200,7680,19147,2783,6924
19,2,2023,1600,17041,300,200,6421,15454,2636,18118
20,2,2023,1600,12908,300,200,6450,18503,2865,14095
21,2,2023,1600,17407,300,200,5925,17077,3427,17152
22,2,2023,1600,14988,300,200,6108,15095,2041,10641
23,2,2023,1600,13905,300,200,5144,17936,3622,19917
24,2,2023,1600,14833,300,200,5668,19380,3252,10416
25,2,2023,1600,17595,300,200,6423,19328,3427,17541
26,2,2023,1600,10730,300,200,7850,19469,3863,9984
27,2,2023,1600,16849,300,200,5229,16348,2018,5569
28,2,2023,1600,12441,300,200,7942,17049,3801,4162

1,2,2023,1600,10337,300,200,6410,17894,3445,19394
2,2,2023,1600,15225,300,200,7360,15233,2872,6295
3,2,2023,1600,10451,300,200,5794,19784,2700,19609
4,2,2023,1600,14555,300,200,6353,18308,3163,15018
5,2,2023,1600,12126,300,200,6505,18960,2275,6193
6,2,2023,1600,14240,300,200,5188,16015,2646,17841
7,2,2023,1600,10728,300,200,6049,16584,3695,10016
8,2,2023,1600,13030,300,200,5407,19454,2213,19404
9,2,2023,1600,15035,300,200,7172,18358,3226,17766
10,2,2023,1600,17321,300,200,6887,15592,3467,13421
11,2,2023,1600,13944,300,200,6374,17212,3860,4243
12,2,2023,1600,14276,300,200,7053,16459,2546,13553
13,2,2023,1600,12997,300,200,7569,19643,2704,14168
14,2,2023,1600,14149,300,200,7039,19810,2917,16680
15,2,2023,1600,13121,300,200,7120,18152,2375,19348
16,2,2023,1600,15342,300,200,6860,17910,3403,19147
17,2,2023,1600,10023,300,200,5307,15558,2541,13285
18,2,2023,1600,15464,300,200,5652,19283,3604,9266
19,2,2023,1600,12258,300,200,6125,16195,3107,4673
20,2,2023,1600,13142,300,200,5001,18136,3996,6867
21,2,2023,1600,16596,300,200,7604,15588,3019,8599
22,2,2023,1600,16520,300,200,7509,16667,3133,4287
23,2,2023,1600,11985,300,200,5345,15476,2248,12187
24,2,2023,1600,17222,300,200,7222,16089,2796,15444
25,2,2023,1600,12144,300,200,5258,18957,3760,4639
26,2,2023,1600,14167,300,200,6631,17384,3366,5790
27,2,2023,1600,16689,300,200,5493,17781,2838,16557
28,2,2023,1600,17518,300,200,6332,19668,3032,4170

1,2,2023,1600,13593,300,200,5310,15379,3177,4910
2,2,2023,1600,11237,300,200,5776,18239,2383,9382
3,2,2023,1600,10179,300,200,7956,16286,2544,19058
4,2,2023,1600,12402,300,200,5678,19827,3447,9069
5,2,2023,1600,16373,300,200,7493,15932,2386,15580
6,2,2023,1600,10089,300,200,5821,17317,2626,19446
7,2,2023,1600,17352,300,200,6536,17716,2029,5227
8,2,2023,1600,16405,300,200,6471,17757,2538,12680
9,2,2023,1600,12340,300,200,7603,15428,3058,14724
10,2,2023,1600,12457,300,200,7257,16147,3427,8031
11,2,2023,1600,10715,300,200,5606,16196,2844,13850
12,2,2023,1600,16941,300,200,7009,15902,2887,7697
13,2,2023,1600,12109,300,200,6384,17630,2818,15933
14,2,2023,1600,16818,300,200,6559,16325,3892,6553
15,2,2023,1600,16216,300,200,6479,18077,2635,19855
16,2,2023,1600,15061,300,200,6495,17794,2259,18806
17,2,2023,1600,14913,300,200,6354,17680,2207,14624
18,2,2023,1600,11711,300,200,6803,17941,3830,18239
19,2,2023,1600,12618,300,200,7224,19476,3591,12122
20,2,2023,1600,17060,300,200,7636,15925,3069,17329
21,2,2023,1600,14245,300,200,5081,19563,2814,17359
22,2,2023,1600,12233,300,200,6145,18559,3481,6647
23,2,2023,1600,13575,300,200,7856,16136,3969,12974
24,2,2023,1600,13665,300,200,6008,15918,3435,9641
25,2,2023,1600,11752,300,200,7395,16260,2547,15026
26,2,2023,1600,15131,300,200,6568,19424,3440,4719
27,2,2023,1600,11607,300,200,5568,16675,2321,7357
28,2,2023,1600,11769,300,200,6854,15013,2892,6962

1,2,2023,1600,16399,300,200,7071,18932,2203,18561
2,2,2023,1600,17187,300,200,5380,15031,2809,7573
3,2,2023,1600,12687,300,200,5973,16942,3292,7012
4,2,2023,1600,16359,300,200,5878,18282,3738,8049
5,2,2023,1600,14663,300,200,7659,18893,2049,8199
6,2,2023,1600,12745,300,200,6427,19840,2468,14452
7,2,2023,1600,17859,300,200,6729,17019,2615,10383
8,2,2023,1600,11201,300,200,5851,19917,2335,4969
9,2,2023,1600,16076,300,200,5504,17230,3035,16294
10,2,2023,1600,15237,300,200,5409,15612,2001,10121
11,2,2023,1600,14435,300,200,7734,17088,2629,4309
12,2,2023,1600,15815,300,200,7117,15781,3589,16977
13,2,2023,1600,15828,300,200,7882,19644,2888,8729
14,2,2023,1600,12078,300,200,5219,16347,2900,12701
15,2,2023,1600,11929,300,200,6144,17653,3772,9060
16,2,2023,1600,12358,300,200,6125,18126,2931,4899
17,2,2023,1600,14197,300,200,5158,17461,2712,18936
18,2,2023,1600,11341,300,200,6389,19928,2107,16387
19,2,2023,1600,17211,300,200,6049,15487,2543,17827
20,2,2023,1600,13524,300,200,5016,15987,3785,4092
21,2,2023,1600,16817,300,200,7184,18384,2556,11262
22,2,2023,1600,11453,300,200,7137,17400,2005,9231
23,2,2023,1600,17953,300,200,5287,19603,2947,17427
24,2,2023,1600,14405,300,200,5665,15377,3075,6048
25,2,2023,1600,15687,300,200,7230,16655,3353,4749
26,2,2023,1600,15017,300,200,5304,15982,2412,7364
27,2,2023,1600,15190,300,200,7329,16374,2138,4597
28,2,2023,1600,10264,300,200,6196,17113,2502,14301