month,year,ratings
01,2023,[2 4 3 1 5 2 3 4 1 3 2 4 5 1 4 3 2 5 1 4 3 2 5 1 4 3 2 5 1 4 3 2 5 1 4 3 2 5 1 4 3 2 5 1 4 3 2 5 1 4 3 2]
02,2023,[5 1 3 4 2 5 1 4 3 2 5 1 4 3 2 5 1 4 3 2 5 1 4 3 2 5 1 4 3 2 5 1 4 3 2 5 1 4 3 2 5 1 4 3 2 5 1 4 3 2]
03,2023,[3 2 4 5 1 4 3 2 5 1 4 3 2 5 1 4 3 2 5 1 4 3 2 5 1 4 3 2 5 1 4 3 2 5 1 4 3 2 5 1 4 3 2 5 1 4 3 2 5 1]
04,2023,[2 5 1 4 3 2 5 1 4 3 2 5 1 4 3 2 5 1 4 3 2 5 1 4 3 2 5 1 4 3 2 5 1 4 3 2 5 1 4 3 2 5 1 4 3 2 5 1 4]
05,2023,[1 4 3 2 5 1 4 3 2 5 1 4 3 2 5 1 4 3 2 5 1 4 3 2 5 1 4 3 2 5 1 4 3 2 5 1 4 3 2 5 1 4 3 2 5 1 4 3]
06,2023,[3 2 5 1 4 3 2 5 1 4 3 2 5 1 4 3 2 5 1 4 3 2 5 1 4 3 2 5 1 4 3 2 5 1 4 3 2 5 1 4 3 2 5 1 4 3 2 5 1]
07,2023,[4 1 3 2 5 1 4 3 2 5 1 4 3 2 5 1 4 3 2 5 1 4 3 2 5 1 4 3 2 5 1 4 3 2 5 1 4 3 2 5 1 4 3 2 5 1 4 3]
08,2023,[5 2 4 3 2 5 1 4 3 2 5 1 4 3 2 5 1 4 3 2 5 1 4 3 2 5 1 4 3 2 5 1 4 3 2 5 1 4 3 2 5 1 4 3 2 5 1 4 3 2]
09,2023,[1 4 3 2 5 1 4 3 2 5 1 4 3 2 5 1 4 3 2 5 1 4 3 2 5 1 4 3 2 5 1 4 3 2 5 1 4 3 2 5 1 4 3 2 5 1 4 3 2 5]
10,2023,[2 5 1 4 3 2 5 1 4 3 2 5 1 4 3 2 5 1 4 3 2 5 1 4 3 2 5 1 4 3 2 5 1 4 3 2 5 1 4 3 2 5 1 4 3 2 5 1 4]
11,2023,[5 2 3 4 1 4 3 2 5 1 4 3 2 5 1 4 3 2 5 1 4 3 2 5 1 4 3 2 5 1 4 3 2 5 1 4 3 2 5 1 4 3 2 5 1 4 3 2 5]
12,2023,[3 2 4 5 1 4 3 2 5 1 4 3 2 5 1 4 3 2 5 1 4 3 2 5 1 4 3 2 5 1 4 3 2 5 1 4 3 2 5 1 4 3 2 5 1 4 3 2 5]
01,2023,[1 4 3 2 5 1 4 3 2 5 1 4 3 2 5 1 4 3 2 5 1 4 3 2 5 1 4 3 2 5 1 4 3 2 5 1 4 3 2 5 1 4 3 2 5 1 4 3 2]
02,2023,[4 1 3 2 5 1 4 3 2 5 1 4 3 2 5 1 4 3 2 5 1 4 3 2 5 1 4 3 2 5 1 4 3 2 5 1 4 3 2 5 1 4 3 2 5 1 4 3]
03,2023,[5 2 4 3 2 5 1 4 3 2 5 1 4 3 2 5 1 4 3 2 5 1 4 3 2 5 1 4 3 2 5 1 4 3 2 5 1 4 3 2 5 1 4 3 2 5 1 4 3 2]
04,2023,[2 5 1 4 3 2 5 1 4 3 2 5 1 4 3 2 5 1 4 3 2 5 1 4 3 2 5 1 4 3 2 5 1 4 3 2 5 1 4 3 2 5 1 4 3 2 5 1 4]
05,2023,[4 1 3 2 5 1 4 3 2 5 1 4 3 2 5 1 4 3 2 5 1 4 3 2 5 1 4 3 2 5 1 4 3 2 5 1 4 3 2 5 1 4 3 2 5 1 4 3]
06,2023,[3 2 5 1 4 3 2 5 1 4 3 2 5 1 4 3 2 5 1 4 3 2 5 1 4 3 2 5 1 4 3 2 5 1 4 3 2 5 1 4 3 2 5 1 4 3 2 5 1]
07,2023,[5 1 3 4 2 5 1 4 3 2 5 1 4 3 2 5 1 4 3 2 5 1 4 3 2 5 1 4 3 2 5 1 4 3 2 5 1 4 3 2 5 1 4 3 2 5 1 4]
08,2023,[2 5 1 4 3 2 5 1 4 3 2 5 1 4 3 2 5 1 4 3 2 5 1 4 3 2 5 1 4 3 2 5 1 4 3 2 5 1 4 3 2 5 1 4 3 2 5 1 4]
09,2023,[5 2 3 4 1 4 3 2 5 1 4 3 2 5 1 4 3 2 5 1 4 3 2 5 1 4 3 2 5 1 4 3 2 5 1 4 3 2 5 1 4 3 2 5 1 4 3 2 5]
10,2023,[3 2 4 5 1 4 3 2 5 1 4 3 2 5 1 4 3 2 5 1 4 3 2 5 1 4 3 2 5 1 4 3 2 5 1 4 3 2 5 1 4 3 2 5 1 4 3 2 5]
11,2023,[1 4 3 2 5 1 4 3 2 5 1 4 3 2 5 1 4 3 2 5 1 4 3 2 5 1 4 3 2 5 1 4 3 2 5 1 4 3 2 5 1 4 3 2 5 1 4 3]
12,2013,[4 1 3 2 5 1 4 3 2 5 1 4 3 2 5 1 4 3 2 5 1 4 3 2 5 1 4 3 2 5 1 4 3 2 5 1 4 3 2 5 1 4 3 2 5 1 4 3]
01,2023,[2 4 3 1 5 2 3 4 1 3 2 4 5 1 4 3 2 5 1 4 3 2 5 1 4 3 2 5 1 4 3 2 5 1 4 3 2 5 1 4 3 2 5 1 4 3 2]
02,2023,[5 1 3 4 2 5 1 4 3 2 5 1 4 3 2 5 1 4 3 2 5 1 4 3 2 5 1 4 3 2 5 1 4 3 2 5 1 4 3 2 5 1 4 3 2 5 1 4 3 2]
03,2023,[3 2 4 5 1 4 3 2 5 1 4 3 2 5 1 4 3 2 5 1 4 3 2 5 1 4 3 2 5 1 4 3 2 5 1 4 3 2 5 1 4 3 2 5 1 4 3 2 5 1]
04,2023,[2 5 1 4 3 2 5 1 4 3 2 5 1 4 3 2 5 1 4 3 2 5 1 4 3 2 5 1 4 3 2 5 1 4 3 2 5 1 4 3 2 5 1 4 3 2 5 1 4]
05,2023,[1 4 3 2 5 1 4 3 2 5 1 4 3 2 5 1 4 3 2 5 1 4 3 2 5 1 4 3 2 5 1 4 3 2 5 1 4 3 2 5 1 4 3 2 5 1 4 3]
06,2023,[3 2 5 1 4 3 2 5 1 4 3 2 5 1 4 3 2 5 1 4 3 2 5 1 4 3 2 5 1 4 3 2 5 1 4 3 2 5 1 4 3 2 5 1 4 3 2 5 1]
07,2023,[4 1 3 2 5 1 4 3 2 5 1 4 3 2 5 1 4 3 2 5 1 4 3 2 5 1 4 3 2 5 1 4 3 2 5 1 4 3 2 5 1 4 3 2 5 1 4 3]
08,2023,[5 2 4 3 2 5 1 4 3 2 5 1 4 3 2 5 1 4 3 2 5 1 4 3 2 5 1 4 3 2 5 1 4 3 2 5 1 4 3 2 5 1 4 3 2 5 1 4 3 2]
09,2023,[1 4 3 2 5 1 4 3 2 5 1 4 3 2 5 1 4 3 2 5 1 4 3 2 5 1 4 3 2 5 1 4 3 2 5 1 4 3 2 5 1 4 3 2 5 1 4 3 2 5]
10,2023,[2 5 1 4 3 2 5 1 4 3 2 5 1 4 3 2 5 1 4 3 2 5 1 4 3 2 5 1 4 3 2 5 1 4 3 2 5 1 4 3 2 5 1 4 3 2 5 1 4]
11,2023,[3 2 5 1 4 3 2 5 1 4 3 2 5 1 4 3 2 5 1 4 3 2 5 1 4 3 2 5 1 4 3 2 5 1 4 3 2 5 1 4 3 2 5 1 4 3 2 5 1]
12,2023,[4 1 3 2 5 1 4 3 2 5 1 4 3 2 5 1 4 3 2 5 1 4 3 2 5 1 4 3 2 5 1 4 3 2 5 1 4 3 2 5 1 4 3 2 5 1 4 3]
01,2023,[2 4 3 1 5 2 3 4 1 3 2 4 5 1 4 3 2 5 1 4 3 2 5 1 4 3 2 5 1 4 3 2 5 1 4 3 2 5 1 4 3 2 5 1 4 3 2 5 1]
02,2023,[5 1 3 4 2 5 1 4 3 2 5 1 4 3 2 5 1 4 3 2 5 1 4 3 2 5 1 4 3 2 5 1 4 3 2 5 1 4 3 2 5 1 4 3 2 5 1 4 3]
03,2023,[3 2 4 5 1 4 3 2 5 1 4 3 2 5 1 4 3 2 5 1 4 3 2 5 1 4 3 2 5 1 4 3 2 5 1 4 3 2 5 1 4 3 2 5 1 4 3 2 5 1]
04,2023,[2 5 1 4 3 2 5 1 4 3 2 5 1 4 3 2 5 1 4 3 2 5 1 4 3 2 5 1 4 3 2 5 1 4 3 2 5 1 4 3 2 5 1 4 3 2 5 1]
05,2023,[1 4 3 2 5 1 4 3 2 5 1 4 3 2 5 1 4 3 2 5 1 4 3 2 5 1 4 3 2 5 1 4 3 2 5 1 4 3 2 5 1 4 3 2 5 1 4 3]
06,2023,[3 2 5 1 4 3 2 5 1 4 3 2 5 1 4 3 2 5 1 4 3 2 5 1 4 3 2 5 1 4 3 2 5 1 4 3 2 5 1 4 3 2 5 1 4 3 2 5]
07,2023,[4 1 3 2 5 1 4 3 2 5 1 4 3 2 5 1 4 3 2 5 1 4 3 2 5 1 4 3 2 5 1 4 3 2 5 1 4 3 2 5 1 4 3 2 5 1 4 3]
08,2023,[5 2 4 3 2 5 1 4 3 2 5 1 4 3 2 5 1 4 3 2 5 1 4 3 2 5 1 4 3 2 5 1 4 3 2 5 1 4 3 2 5 1 4 3 2 5 1 4 3 2]
09,2023,[1 4 3 2 5 1 4 3 2 5 1 4 3 2 5 1 4 3 2 5 1 4 3 2 5 1 4 3 2 5 1 4 3 2 5 1 4 3 2 5 1 4 3 2 5 1 4 3 2 5]
10,2023,[2 5 1 4 3 2 5 1 4 3 2 5 1 4 3 2 5 1 4 3 2 5 1 4 3 2 5 1 4 3 2 5 1 4 3 2 5 1 4 3 2 5 1 4 3 2 5 1 4]
11,2023,[3 2 5 1 4 3 2 5 1 4 3 2 5 1 4 3 2 5 1 4 3 2 5 1 4 3 2 5 1 4 3 2 5 1 4 3 2 5 1 4 3 2 5 1 4 3 2 5]
12,2023,[4 1 3 2 5 1 4 3 2 5 1 4 3 2 5 1 4 3 2 5 1 4 3 2 5 1 4 3 2 5 1 4 3 2 5 1 4 3 2 5 1 4 3 2 5 1 4 3]
01,2023,[2 4 3 1 5 2 3 4 1 3 2 4 5 1 4 3 2 5 1 4 3 2 5 1 4 3 2 5 1 4 3 2 5 1 4 3 2 5 1 4 3 2 5 1 4 3 2 5]
02,2023,[5 1 3 4 2 5 1 4 3 2 5 1 4 3 2 5 1 4 3 2 5 1 4 3 2 5 1 4 3 2 5 1 4 3 2 5 1 4 3 2 5 1 4 3 2 5 1 4 3 2 5]
03,2023,[3 2 4 5 1 4 3 2 5 1 4 3 2 5 1 4 3 2 5 1 4 3 2 5 1 4 3 2 5 1 4 3 2 5 1 4 3 2 5 1 4 3 2 5 1 4 3 2 5 1]
04,2023,[2 5 1 4 3 2 5 1 4 3 2 5 1 4 3 2 5 1 4 3 2 5 1 4 3 2 5 1 4 3 2 5 1 4 3 2 5 1 4 3 2 5 1 4 3 2 5 1 4]
05,2023,[1 4 3 2 5 1 4 3 2 5 1 4 3 2 5 1 4 3 2 5 1 4 3 2 5 1 4 3 2 5 1 4 3 2 5 1 4 3 2 5 1 4 3 2 5 1 4 3]
06,2023,[3 2 5 1 4 3 2 5 1 4 3 2 5 1 4 3 2 5 1 4 3 2 5 1 4 3 2 5 1 4 3 2 5 1 4 3 2 5 1 4 3 2 5 1 4 3 2 5 1]
07,2023,[4 1 3 2 5 1 4 3 2 5 1 4 3 2 5 1 4 3 2 5 1 4 3 2 5 1 4 3 2 5 1 4 3 2 5 1 4 3 2 5 1 4 3 2 5 1 4 3]
08,2023,[5 2 4 3 2 5 1 4 3 2 5 1 4 3 2 5 1 4 3 2 5 1 4 3 2 5 1 4 3 2 5 1 4 3 2 5 1 4 3 2 5 1 4 3 2 5 1 4 3 2 5]
09,2023,[1 4 3 2 5 1 4 3 2 5 1 4 3 2 5 1 4 3 2 5 1 4 3 2 5 1 4 3 2 5 1 4 3 2 5 1 4 3 2 5 1 4 3 2 5 1 4 3 2 5]
10,2023,[2 5 1 4 3 2 5 1 4 3 2 5 1 4 3 2 5 1 4 3 2 5 1 4 3 2 5 1 4 3 2 5 1 4 3 2 5 1 4 3 2 5 1 4 3 2 5 1 4]
11,2023,[3 2 5 1 4 3 2 5 1 4 3 2 5 1 4 3 2 5 1 4 3 2 5 1 4 3 2 5 1 4 3 2 5 1 4 3 2 5 1 4 3 2 5 1 4 3 2 5 1 4]
12,2023,[4 1 3 2 5 1 4 3 2 5 1 4 3 2 5 1 4 3 2 5 1 4 3 2 5 1 4 3 2 5 1 4 3 2 5 1 4 3 2 5 1 4 3 2 5 1 4 3]
01,2023,[2 4 3 1 5 2 3 4 1 3 2 4 5 1 4 3 2 5 1 4 3 2 5 1 4 3 2 5 1 4 3 2 5 1 4 3 2 5 1 4 3 2 5 1 4 3 2]
02,2023,[5 1 3 4 2 5 1 4 3 2 5 1 4 3 2 5 1 4 3 2 5 1 4 3 2 5 1 4 3 2 5 1 4 3 2 5 1 4 3 2 5 1 4 3 2 5 1 4 3]
03,2023,[3 2 4 5 1 4 3 2 5 1 4 3 2 5 1 4 3 2 5 1 4 3 2 5 1 4 3 2 5 1 4 3 2 5 1 4 3 2 5 1 4 3 2 5 1 4 3 2 5 1]
04,2023,[2 5 1 4 3 2 5 1 4 3 2 5 1 4 3 2 5 1 4 3 2 5 1 4 3 2 5 1 4 3 2 5 1 4 3 2 5 1 4 3 2 5 1 4 3 2 5]
05,2023,[1 4 3 2 5 1 4 3 2 5 1 4 3 2 5 1 4 3 2 5 1 4 3 2 5 1 4 3 2 5 1 4 3 2 5 1 4 3 2 5 1 4 3 2 5 1 4 3]
06,2023,[3 2 5 1 4 3 2 5 1 4 3 2 5 1 4 3 2 5 1 4 3 2 5 1 4 3 2 5 1 4 3 2 5 1 4 3 2 5 1 4 3 2 5 1 4 3 2 5 1]
07,2023,[4 1 3 2 5 1 4 3 2 5 1 4 3 2 5 1 4 3 2 5 1 4 3 2 5 1 4 3 2 5 1 4 3 2 5 1 4 3 2 5 1 4 3 2 5 1 4 3]
08,2023,[5 2 4 3 2 5 1 4 3 2 5 1 4 3 2 5 1 4 3 2 5 1 4 3 2 5 1 4 3 2 5 1 4 3 2 5 1 4 3 2 5 1 4 3 2 5 1 4 3 2]
09,2023,[1 4 3 2 5 1 4 3 2 5 1 4 3 2 5 1 4 3 2 5 1 4 3 2 5 1 4 3 2 5 1 4 3 2 5 1 4 3 2 5 1 4 3 2 5 1 4 3 2 5]
10,2023,[2 5 1 4 3 2 5 1 4 3 2 5 1 4 3 2 5 1 4 3 2 5 1 4 3 2 5 1 4 3 2 5 1 4 3 2 5 1 4 3 2 5 1 4 3 2 5 1 4]
11,2023,[3 2 5 1 4 3 2 5 1 4 3 2 5 1 4 3 2 5 1 4 3 2 5 1 4 3 2 5 1 4 3 2 5 1 4 3 2 5 1 4 3 2 5 1 4 3 2 5 1 4]
12,2023,[4 1 3 2 5 1 4 3 2 5 1 4 3 2 5 1 4 3 2 5 1 4 3 2 5 1 4 3 2 5 1 4 3 2 5 1 4 3 2 5 1 4 3 2 5 1 4 3]
01,2023,[2 4 3 1 5 2 3 4 1 3 2 4 5 1 4 3 2 5 1 4 3 2 5 1 4 3 2 5 1 4 3 2 5 1 4 3 2 5 1 4 3 2 5 1 4 3 2 5 1 4 3]
02,2023,[5 1 3 4 2 5 1 4 3 2 5 1 4 3 2 5 1 4 3 2 5 1 4 3 2 5 1 4 3 2 5 1 4 3 2 5 1 4 3 2 5 1 4 3 2 5 1 4 3 2 5 1 4 3 2 5]
03,2023,[3 2 4 5 1 4 3 2 5 1 4 3 2 5 1 4 3 2 5 1 4 3 2 5 1 4 3 2 5 1 4 3 2 5 1 4 3 2 5 1 4 3 2 5 1 4 3 2 5 1 4 3 2 5 1 4]
04,2023,[2 5 1 4 3 2 5 1 4 3 2 5 1 4 3 2 5 1 4 3 2 5 1 4 3 2 5 1 4 3 2 5 1 4 3 2 5 1 4 3 2 5 1 4 3 2 5 1 4 3 2 5]
05,2023,[1 4 3 2 5 1 4 3 2 5 1 4 3 2 5 1 4 3 2 5 1 4 3 2 5 1 4 3 2 5 1 4 3 2 5 1 4 3 2 5 1 4 3 2 5 1 4 3 2 5 1 4 3]
06,2023,[3 2 5 1 4 3 2 5 1 4 3 2 5 1 4 3 2 5 1 4 3 2 5 1 4 3 2 5 1 4 3 2 5 1 4 3 2 5 1 4 3 2 5 1 4 3 2 5 1 4 3 2 5]
07,2023,[4 1 3 2 5 1 4 3 2 5 1 4 3 2 5 1 4 3 2 5 1 4 3 2 5 1 4 3 2 5 1 4 3 2 5 1 4 3 2 5 1 4 3 2 5 1 4 3 2 5 1 4 3]
08,2023,[5 2 4 3 2 5 1 4 3 2 5 1 4 3 2 5 1 4 3 2 5 1 4 3 2 5 1 4 3 2 5 1 4 3 2 5 1 4 3 2 5 1 4 3 2 5 1 4 3 2 5 1 4 3 2 5]
09,2023,[1 4 3 2 5 1 4 3 2 5 1 4 3 2 5 1 4 3 2 5 1 4 3 2 5 1 4 3 2 5 1 4 3 2 5 1 4 3 2 5 1 4 3 2 5 1 4 3 2 5 1 4 3]
10,2023,[2 5 1 4 3 2 5 1 4 3 2 5 1 4 3 2 5 1 4 3 2 5 1 4 3 2 5 1 4 3 2 5 1 4 3 2 5 1 4 3 2 5 1 4 3 2 5 1 4 3 2 5]
11,2023,[3 2 5 1 4 3 2 5 1 4 3 2 5 1 4 3 2 5 1 4 3 2 5 1 4 3 2 5 1 4 3 2 5 1 4 3 2 5 1 4 3 2 5 1 4 3 2 5 1 4 3]
12,2023,[4 1 3 2 5 1 4 3 2 5 1 4 3 2 5 1 4 3 2 5 1 4 3 2 5 1 4 3 2 5 1 4 3 2 5 1 4 3 2 5 1 4 3 2 5 1 4 3 2 5 1 4]
01,2023,[2 4 3 1 5 2 3 4 1 3 2 4 5 1 4 3 2 5 1 4 3 2 5 1 4 3 2 5 1 4 3 2 5 1 4 3 2 5 1 4 3 2 5 1 4 3 2 5]
02,2023,[5 1 3 4 2 5 1 4 3 2 5 1 4 3 2 5 1 4 3 2 5 1 4 3 2 5 1 4 3 2 5 1 4 3 2 5 1 4 3 2 5 1 4 3 2 5 1 4 3]
03,2023,[3 2 4 5 1 4 3 2 5 1 4 3 2 5 1 4 3 2 5 1 4 3 2 5 1 4 3 2 5 1 4 3 2 5 1 4 3 2 5 1 4 3 2 5 1 4 3 2 5 1 4 3 2]
04,2023,[2 5 1 4 3 2 5 1 4 3 2 5 1 4 3 2 5 1 4 3 2 5 1 4 3 2 5 1 4 3 2 5 1 4 3 2 5 1 4 3 2 5 1 4 3 2 5 1]
05,2023,[1 4 3 2 5 1 4 3 2 5 1 4 3 2 5 1 4 3 2 5 1 4 3 2 5 1 4 3 2 5 1 4 3 2 5 1 4 3 2 5 1 4 3 2 5 1 4 3]
06,2023,[3 2 5 1 4 3 2 5 1 4 3 2 5 1 4 3 2 5 1 4 3 2 5 1 4 3 2 5 1 4 3 2 5 1 4 3 2 5 1 4 3 2 5 1 4 3 2 5 1 4 3 2 5]
07,2023,[4 1 3 2 5 1 4 3 2 5 1 4 3 2 5 1 4 3 2 5 1 4 3 2 5 1 4 3 2 5 1 4 3 2 5 1 4 3 2 5 1 4 3 2 5 1 4 3 2 5 1]
08,2023,[5 2 4 3 2 5 1 4 3 2 5 1 4 3 2 5 1 4 3 2 5 1 4 3 2 5 1 4 3 2 5 1 4 3 2 5 1 4 3 2 5 1 4 3 2 5 1 4 3 2 5 1]
09,2023,[1 4 3 2 5 1 4 3 2 5 1 4 3 2 5 1 4 3 2 5 1 4 3 2 5 1 4 3 2 5 1 4 3 2 5 1 4 3 2 5 1 4 3 2 5 1 4 3 2 5 1 4 3]
10,2023,[2 5 1 4 3 2 5 1 4 3 2 5 1 4 3 2 5 1 4 3 2 5 1 4 3 2 5 1 4 3 2 5 1 4 3 2 5 1 4 3 2 5 1 4 3 2 5 1 4 3 2 5]
11,2023,[3 2 5 1 4 3 2 5 1 4 3 2 5 1 4 3 2 5 1 4 3 2 5 1 4 3 2 5 1 4 3 2 5 1 4 3 2 5 1 4 3 2 5 1 4 3 2 5 1 4 3]
12,2023,[4 1 3 2 5 1 4 3 2 5 1 4 3 2 5 1 4 3 2 5 1 4 3 2 5 1 4 3 2 5 1 4 3 2 5 1 4 3 2 5 1 4 3 2 5 1 4 3 2 5 1 4]
01,2023,[2 4 3 1 5 2 3 4 1 3 2 4 5 1 4 3 2 5 1 4 3 2 5 1 4 3 2 5 1 4 3 2 5 1 4 3 2 5 1 4]
02,2023,[5 1 3 4 2 5 1 4 3 2 5 1 4 3 2 5 1 4 3 2 5 1 4 3 2 5 1 4 3 2 5]
03,2023,[3 2 4 5 1 4 3 2 5 1 4 3 2 5 1 4 3 2 5 1 4 3 2 5 1 4 3 2 5 1 4 3 2 5 1 4 3 2 5 1 4]
04,2023,[2 5 1 4 3 2 5 1 4 3 2 5 1 4 3 2 5 1 4 3 2 5 1 4 3 2 5 1 4 3 2 5 1]
05,2023,[1 4 3 2 5 1 4 3 2 5 1 4 3 2 5 1 4 3 2 5 1 4 3 2 5 1 4 3 2 5 1 4 3 2 5 1 4]
06,2023,[3 2 5 1 4 3 2 5 1 4 3 2 5 1 4 3 2 5 1 4 3 2 5 1 4 3 2 5 1 4 3 2 5]
07,2023,[4 1 3 2 5 1 4 3 2 5 1 4 3 2 5 1 4 3 2 5 1 4 3 2 5 1 4 3 2 5 1 4 3 2 5 1]
08,2023,[5 2 4 3 2 5 1 4 3 2 5 1 4 3 2 5 1 4 3 2 5 1 4 3 2 5 1 4 3 2 5]
10,2023,[2 5 1 4 3 2 5 1 4 3 2 5 1 4 3 2 5 1 4 3 2 5 1 4 3 2 5 1 4 3 2 5]
11,2023,[3 2 5 1 4 3 2 5 1 4 3 2 5 1 4 3 2 5 1 4 3 2 5 1 4 3 2 5 1 4 3 2 5 1]
12,2023,[4 1 3 2 5 1 4 3 2 5 1 4 3 2 5 1 4 3 2 5 1 4 3 2 5 1 4 3 2 5 1 4]
01,2023,[2 4 3 1 5 2 3 4 1 3 2 4 5 1 4 3 2 5 1 4 3 2 5 1 4 3 2 5 1 4 3 2 5 1 4 3 2 5 1 4]
02,2023,[5 1 3 4 2 5 1 4 3 2 5 1 4 3 2 5 1 4 3 2 5 1 4 3 2 5 1 4 3 2 5 1]
03,2023,[3 2 4 5 1 4 3 2 5 1 4 3 2 5 1 4 3 2 5 1 4 3 2 5 1 4 3 2 5 1 4 3 2 5 1 4 3 2 5 1 4]
04,2023,[2 5 1 4 3 2 5 1 4 3 2 5 1 4 3 2 5 1 4 3 2 5 1 4 3 2 5 1 4 3 2 5 1]
05,2023,[1 4 3 2 5 1 4 3 2 5 1 4 3 2 5 1 4 3 2 5 1 4 3 2 5 1 4 3 2 5 1 4 3 2 5 1 4 3 2 5 1 4]
06,2023,[3 2 5 1 4 3 2 5 1 4 3 2 5 1 4 3 2 5 1 4 3 2 5 1 4 3 2 5 1 4 3 2 5]
07,2023,[4 1 3 2 5 1 4 3 2 5 1 4 3 2 5 1 4 3 2 5 1 4 3 2 5 1 4 3 2 5 1 4 3 2 5 1 4 3 2 5 1 4]
08,2023,[5 2 4 3 2 5 1 4 3 2 5 1 4 3 2 5 1 4 3 2 5 1 4 3 2 5 1 4 3 2 5 1]
09,2023,[1 4 3 2 5 1 4 3 2 5 1 4 3 2 5 1 4 3 2 5 1 4 3 2 5 1 4 3 2 5 1 4 3 2 5 1 4 3 2 5 1 4]
10,2023,[2 5 1 4 3 2 5 1 4 3 2 5 1 4 3 2 5 1 4 3 2 5 1 4 3 2 5 1 4 3 2 5]
11,2023,[3 2 5 1 4 3 2 5 1 4 3 2 5 1 4 3 2 5 1 4 3 2 5 1 4 3 2 5 1 4 3 2 5 1]
12,2023,[4 1 3 2 5 1 4 3 2 5 1 4 3 2 5 1 4 3 2 5 1 4 3 2 5 1 4 3 2 5 1 4 3 2 5]
01,2023,[2 4 3 1 5 2 3 4 1 3 2 4 5 5 5 1 1 1 2 3 3 2 5 1 4 3 2 5 1]
02,2023,[5 1 3 4 2 5 1 4 3 2 5 1 4 1 3 2 4 5 5 2 5 1 4 3 2 5 1 4 3 ]
03,2023,[3 2 4 5 1 4 3 2 5 1 4 3 3 2 5 1 4 3 2 2 5 1 4 3 2 5 1 4 3 ]
04,2023,[2 5 1 4 3 2 5 1 4 3 2 5 4 1 3 5 2 4 1 3 5 2 4 1 3 5 2 4 1 3 5 2]
05,2023,[1 4 3 2 5 1 4 3 2 5 1 4 4 3 5 1 2 4 5 3 1 2 4 5 3 1 2 4 5 3]
06,2023,[3 2 5 1 4 3 2 5 1 4 3 2 2 4 5 3 1 2 4 5 3 1 2 4 5 2 4 5 3 1 2 4]
07,2023,[4 1 3 2 5 1 4 3 2 5 1 4 3 2 5 1 4 3 2 5 1 3 2 5 1 4 3 2 5 1]
08,2023,[5 2 4 3 2 5 1 4 3 2 5 1 2 5 4 1 3 2 5 4 1 3 2 5 4 1 3 2 5 4 1 3 ]
09,2023,[1 4 3 2 5 1 4 3 2 5 1 4 4 1 3 5 2 4 1 3 5 2 4 1 3 5 2 4 1 3 5 2]
10,2023,[2 5 1 4 3 2 5 1 4 3 2 5 2 5 1 4 3 2 5 1 4 3 1 2 3 4 5 1 4 3 2 5 1 4 ]
11,2023,[3 2 5 1 4 3 2 5 1 4 3 2 3 2 5 4 1 3 5 2 4 1 5 3 1 4 2 3 5 4]
12,2023,[4 1 3 2 5 1 4 3 2 5 1 4 1 2 3 4 5 1 4 3 2 5 1 4 1 2 3 4 5 1 4 3 2 5 1 4 ]
01,2023,[2 4 3 1 5 2 3 4 1 3 2 4 5 1 4 3 2 5 1 4 3 2 5 1 4 3 2 5 1 4]
02,2023,[5 4 4 5 2 3 1 4 3 5 1 2 4 5 3 1 2 4 5 3 1 2 4 5 3 1 2 4 5 3]
03,2023,[4 3 4 5 1 2 3 4 5 1 4 3 2 5 1 4 3 2 5 1 4 3 2 5 1 4 3 2 5 1 4]
04,2023,[4 5 3 5 1 2 3 4 5 1 4 3 2 5 1 4 3 2 5 1 4 3 2 5 1 4 3 2 5 1 4]
05,2023,[2 1 5 3 4 2 3 1 4 3 2 5 1 4 3 2 5 1 4 3 2 5 1 4 3 2 5 1 4 3 2]
06,2023,[3 2 4 1 5 3 1 4 2 3 5 4 1 2 3 5 4 1 2 3 5 4 1 2 3 5 4 1 2 3 5]
07,2023,[1 4 5 3 2 1 3 5 4 2 1 3 5 4 2 1 3 5 4 2 1 3 5 4 2 1 3 5 4 2 1]
08,2023,[5 2 3 1 4 5 1 3 2 4 5 3 1 2 4 5 3 1 2 4 5 3 1 2 4 5 3 1 2 4 5]
09,2023,[2 5 1 4 3 2 5 4 1 3 2 5 4 1 3 2 5 4 1 3 2 5 4 1 3 2 5 4 1 3 2]
10,2023,[3 2 5 4 1 3 5 2 4 1 3 5 2 4 1 3 5 2 4 1 3 5 2 4 1 3 5 2 4 1 3]
11,2023,[4 1 3 5 2 3 1 4 3 5 1 2 4 5 3 1 2 4 5 3 1 2 4 5 3 1 2 4 5 3 1]
12,2023,[1 4 2 3 5 1 3 2 4 5 3 1 2 4 5 3 1 2 4 5 3 1 2 4 5 3 1 2 4 5 3]
01,2023,[2 4 3 1 5 2 3 4 1 3 2 4 5 1 4 3 2 5 1 4 3 2 5 1 4 3 2 5 1 4 3 2 5 1 4 3 2 5 1 4 3 2 5 1 4 3 2]
02,2023,[5 1 3 4 2 5 1 4 3 2 5 1 4 3 2 5 1 4 3 2 5 1 4 3 2 5 1 4 3 2 5 1 4 3 2 5 1 4 3 2 5 1 4 3 2 5 1 4 3 2]
03,2023,[3 2 4 5 1 4 3 2 5 1 4 3 2 5 1 4 3 2 5 1 4 3 2 5 1 4 3 2 5 1 4 3 2 5 1 4 3 2 5 1 4 3 2 5 1 4 3 2 5 1]
04,2023,[2 5 1 4 3 2 5 1 4 3 2 5 1 4 3 2 5 1 4 3 2 5 1 4 3 2 5 1 4 3 2 5 1 4 3 2 5 1 4 3 2 5 1 4 3 2 5 1 4]
05,2023,[1 4 3 2 5 1 4 3 2 5 1 4 3 2 5 1 4 3 2 5 1 4 3 2 5 1 4 3 2 5 1 4 3 2 5 1 4 3 2 5 1 4 3 2 5 1 4 3]
06,2023,[3 2 5 1 4 3 2 5 1 4 3 2 5 1 4 3 2 5 1 4 3 2 5 1 4 3 2 5 1 4 3 2 5 1 4 3 2 5 1 4 3 2 5 1 4 3 2 5 1]
07,2023,[4 1 3 2 5 1 4 3 2 5 1 4 3 2 5 1 4 3 2 5 1 4 3 2 5 1 4 3 2 5 1 4 3 2 5 1 4 3 2 5 1 4 3 2 5 1 4 3]
08,2023,[5 2 4 3 2 5 1 4 3 2 5 1 4 3 2 5 1 4 3 2 5 1 4 3 2 5 1 4 3 2 5 1 4 3 2 5 1 4 3 2 5 1 4 3 2 5 1 4 3 2]
09,2023,[1 4 3 2 5 1 4 3 2 5 1 4 3 2 5 1 4 3 2 5 1 4 3 2 5 1 4 3 2 5 1 4 3 2 5 1 4 3 2 5 1 4 3 2 5 1 4 3 2 5]
10,2023,[2 5 1 4 3 2 5 1 4 3 2 5 1 4 3 2 5 1 4 3 2 5 1 4 3 2 5 1 4 3 2 5 1 4 3 2 5 1 4 3 2 5 1 4 3 2 5 1 4]
11,2023,[3 2 5 1 4 3 2 5 1 4 3 2 5 1 4 3 2 5 1 4 3 2 5 1 4 3 2 5 1 4 3 2 5 1 4 3 2 5 1 4 3 2 5 1 4 3 2 5 1]
12,2023,[4 1 3 2 5 1 4 3 2 5 1 4 3 2 5 1 4 3 2 5 1 4 3 2 5 1 4 3 2 5 1 4 3 2 5 1 4 3 2 5 1 4 3 2 5 1 4 3]
